site_id,latitude,longitude,site_type,source,a_width,b_width
abuc1,-10.48284,-67.070378,circle,GE_2021-11-20,203,
abuc2,-10.287298,-67.07577,circle,GE_2022-04-23,31,
abucc,-10.466574,-67.211927,circle,GE_2025.02.19,214,
abucq,-10.428491,-67.11371,quadrangle,GE_2021-11-20,105,
abuge,-10.463339,-67.209415,geoglyph,GE_2021-12-25,109,
abunc,-10.306942,-67.220174,circle,GE_2010-01-13,150,
abung,-10.412602,-67.295137,geoglyph,GE_2021-11-23,114,
abuno,-9.979387,-66.734946,oval,Kalliola_2024,342,315.0
abunq,-10.306859,-67.217872,quadrangle,GE_2017-11-13,180,
abuov,-10.079579,-66.869467,oval,Kalliola_2024,220,210.0
acdc3,-10.127354,-67.034175,circle,GE_2011-02-26,200,
acdc4,-10.075528,-67.553878,circle,GE_2011-02-21,120,
acdc5,-10.002136,-67.259896,circle,GE_2014-01-25,90,
acdo2,-10.663558,-67.714738,oval,GE_2016-01-04,182,170.0
acdoc,-9.855331,-67.232337,octagon,GE_2025.04.25,155,130.0
acds2,-9.758053,-67.194505,square,GE_2024.08.20,175,
acds3,-9.698118,-67.213014,square,GE_2023.09.16,164,
acds4,-10.073635,-67.320639,square,GE_2014-11-17,200,
acds5,-9.784853,-67.221147,quadrangle,GE_2023.08.15,125,
acgeo,-10.097803,-67.658794,quadrangle,GE_2014-01-27,90,80.0
acov2,-9.87311,-67.389561,oval,GE_2011-03-21,128,112.0
acpa2,-9.963776,-67.497717,quadrangle,GE_2010-11-13,140,130.0
acrc1,-10.271551,-67.696563,circle,GE_2014-01-30,180,
acrc11,-10.25995,-67.69858,circle,GE_2021-11-20,58,
acrc12,-9.884392,-67.380347,circle,GE_2021-10-25,90,
acrc13,-10.30202,-67.694411,circle,GE_2014-01-27,90,
acrc14,-10.413076,-67.726635,circle,GE_2014-01-28,90,
acrc15,-10.296445,-67.649875,circle,GE_2015-12-31,130,
acrc16,-10.096787,-67.658742,circle,GE_2014-01-27,75,
acrc17,-10.427565,-67.693297,circle,GE_2015.12.31,90,
acrc18,-10.001127,-68.011979,circle,GE_2014-01-28,75,
acrc19,-9.978964,-67.673539,circle,GE_2014-01-27,100,
acrc2,-10.361794,-67.688718,circle,GE_2015-12-31,100,
acrc20,-10.262033,-67.715701,circle,GE_2014-01-29,70,
acrc21,-10.255579,-67.722468,circle,GE_2014-01-29,66,
acrc22,-10.243592,-67.666035,circle,GE_2014-01-29,66,
acrc23,-10.387342,-67.521693,circle,GE_2021-10-22,61,
acrc24,-10.223719,-67.46228,circle,GE_2021-10-29,211,
acrc25,-10.207854,-67.654641,circle,GE_2014-01-30,72,
acrc26,-10.058146,-67.617626,circle,GE_2014-01-30,67,
acrc27,-10.029028,-67.727625,circle,GE_2014-01-30,64,
acrc28,-10.07104,-67.546279,circle,GE_2021-12-21,70,
acrc29,-9.997834,-67.094409,circle,GE_2014-02-01,56,
acrc3,-10.30239,-67.693815,circle,GE_2021-10-23,44,
acrc30,-9.985506,-67.498498,circle,GE_2014-02-01,170,
acrc31,-9.800918,-67.213634,circle,GE_2024.08.20,121,
acrc32,-10.363203,-67.601046,circle,GE_2021-10-22,84,
acrc33,-9.854835,-67.271459,circle,GE_2021-12-21,90,
acrc34,-10.163144,-67.272837,circle,GE_2014-11-17,75,
acrc35,-10.515156,-67.833319,circle,GE_2014-11-18,166,
acrc36,-10.169169,-67.988493,circle,GE_2014-11-22,128,
acrc37,-10.515156,-67.833319,circle,GE_2021-10-30,167,
acrc38,-9.946875,-67.599354,circle,GE_2014-11-23,164,
acrc39,-9.950389,-67.538792,circle,GE_2014-11-23,70,
acrc4,-10.28442,-67.633854,circle,GE_2016-02-14,78,
acrc40,-10.661363,-67.714447,circle,GE_2016-01-04,80,
acrc41,-10.470916,-67.938256,circle,GE_2017-11-14,168,
acrc42,-10.495959,-67.827351,oval,GE_2024.09.02,78,72.0
acrc43,-10.67087,-67.729956,circle,GE_2023.11.12,103,
acrc44,-10.670878,-67.730195,circle,GE_2023.11.12,154,
acrc45,-10.601572,-67.760287,circle,GE_2020-01-14,78,
acrc46,-10.344931,-67.603935,circle,GE_2020-01-15,97,
acrc47,-10.391936,-67.713413,circle,GE_2021-10-22,142,
acrc48,-10.362413,-67.600703,circle,GE_2021-10-23,62,
acrc49,-10.284294,-67.632656,circle,GE_2021-10-23,136,
acrc5,-10.208509,-67.656982,circle,GE_2014-01-30,125,
acrc50,-10.499956,-67.767291,circle,GE_2021-10-30,60,
acrc51,-10.30382,-67.235851,circle,GE_2021-10-30,90,
acrc52,-10.300801,-67.563965,circle,GE_2021-11-08,63,
acrc53,-9.650611,-67.215313,circle,GE_2021-11-12,60,
acrc54,-10.0154,-67.154435,circle,GE_2021-11-20,88,
acrc55,-10.032239,-67.534751,circle,GE_2022-04-11,73,
acrc56,-10.321292,-67.795091,circle,GE_2022-04-13,72,
acrc57,-10.03094,-67.527146,circle,GE_2022-04-14,55,
acrc58,-10.043873,-67.103679,circle,GE_2022-05-05,72,
acrc59,-10.244414,-67.597394,circle,GE_2022-05-05,80,
acrc6,-10.078716,-67.995066,circle,GE_2014-11-12,130,
acrc60,-9.74665,-67.293425,circle,GE_2023.07.07,350,
acrc61,-10.322867,-67.787483,circle,GE_2023.08.18,50,
acrc62,-10.02283,-67.724363,circle,GE_2023.10.17,104,
acrc63,-10.51574,-67.834324,circle,GE_2024.09.02,93,
acrc64,-10.598751,-67.798521,circle,GE_2024.09.02,300,
acrc65,-10.481418,-67.754508,circle,GE_2024.09.02,76,
acrc66,-10.41781,-67.718227,circle,GE_2024.09.02,72,
acrc67,-10.107647,-67.573627,circle,Kalliola_2024,62,
acrc68,-10.688506,-67.731486,circle,Kalliola_2024,54,
acrc69,-10.440829,-67.726201,circle,Kalliola_2024,114,
acrc7,-10.088103,-67.509098,circle,GE_2010-11-13,140,
acrc70,-10.439745,-67.663857,circle,Kalliola_2024,107,
acrc71,-10.394608,-67.639309,circle,Kalliola_2024,54,
acrc72,-9.947634,-67.606893,circle,Kalliola_2024,77,
acrc73,-10.281339,-67.784664,circle,GE_2025.07.01,51,
acrc74,-10.395179,-67.6374,circle,GE_2025.11.07,107,
acrc8,-10.378754,-67.755098,circle,GE_2021-10-30,56,
acrc9,-10.380911,-67.657989,circle,GE_2016-02-14,135,
acrci,-10.26517,-67.697219,circle,GE_2024.09.02,180,
acrcs,-9.960793,-67.498223,square,GE_2021-12-17,130,
acrdc,-10.028549,-67.728367,circle,GE_2025.05.26,140,
acrde,-9.930138,-66.791779,enclosure,GE_2024.10.16,145,141.0
acrdg,-9.756841,-67.161676,geoglyph,GE_2025.05.03_via_IPHAN,143,
acrdo,-10.176205,-67.068761,oval,GE_2014-02-01,140,120.0
acrdp,-9.901016,-67.42395,parallelogram,GE_2014-11-30,125,
acrdq,-9.960332,-67.283059,quadrangle,GE_2024.08.19,145,
acrdq1,-10.048271,-66.964965,quadrangle,GE_2025.11.05,105,102.0
acrdr,-9.963932,-67.490719,circle,GE_2010-11-13,120,
acrds,-9.856223,-66.94084,square,GE_2014-01-30,170,
acre1,-10.257997,-67.679537,enclosure,GE_2010-01-13,145,140.0
acre10,-10.595023,-67.686464,enclosure,GE_2014-01-30,80,70.0
acre11,-10.595172,-67.687323,enclosure,GE_2014-01-30,140,120.0
acre12,-10.260666,-67.68424,enclosure,GE_2014-11-18,210,180.0
acre13,-10.29631,-67.905514,enclosure,GE_2014-11-22,210,
acre14,-10.031278,-67.512766,enclosure,GE_2014-01-31,88,75.0
acre15,-9.79399,-67.053777,quadrangle,GE_2023.08.21,171,163.0
acre16,-10.240519,-67.595027,enclosure,GE_2014-02-01,130,115.0
acre17,-10.167566,-67.351196,enclosure,GE_2014-11-17,50,35.0
acre18,-9.785026,-66.947583,enclosure,GE_2014-11-18,124,90.0
acre19,-10.154816,-67.799588,enclosure,GE_2014-11-22,128,
acre2,-10.613629,-67.810084,enclosure,GE_2014-01-29,140,
acre20,-9.811788,-67.528382,enclosure,GE_2014-11-23,90,
acre21,-10.418162,-68.191609,enclosure,GE_2014-11-29,175,
acre22,-9.3712,-67.999793,enclosure,GE_2015-05.06,180,170.0
acre23,-9.66318,-67.306989,enclosure,GE_2017-11-14,150,
acre24,-9.793718,-67.375393,enclosure,GE_2017-11-14,134,130.0
acre25,-10.465663,-67.931354,enclosure,GE_2017-11-14,180,150.0
acre26,-10.322368,-67.796047,enclosure,GE_2020-01-15,108,
acre27,-10.29631,-67.905514,enclosure,GE_2022-05-19,210,
acre28,-10.351686,-67.713061,enclosure,zoom_jpg,126,
acre29,-10.351628,-67.710876,enclosure,GE_2021-10-23,122,105.0
acre3,-10.301061,-67.693363,enclosure,GE_2021-10-23,72,
acre30,-10.317383,-67.662753,enclosure,GE_2021-10-23,62,
acre31,-10.388214,-67.587965,enclosure,GE_2021-10-23,73,
acre32,-10.387917,-67.558119,enclosure,GE_2024.02.17,126,118.0
acre33,-10.389151,-67.559095,enclosure,GE_2024.02.17,98,
acre34,-10.637145,-67.808143,circle,GE_2024.09.29,122,
acre35,-10.341593,-67.790394,enclosure,GE_2021-10-30,159,150.0
acre36,-10.409387,-67.853741,enclosure,GE_2021-10-30,125,
acre37,-10.098007,-67.797267,enclosure,GE_2021-11-01,203,163.0
acre38,-10.350835,-67.713787,enclosure,GE_2021-11-11,130,114.0
acre39,-9.662702,-67.175264,enclosure,GE_2021-11-12,117,71.0
acre4,-10.296085,-67.65149,enclosure,GE_2016-02-14,144,122.0
acre40,-9.692415,-67.276041,enclosure,GE_2021-11-13,120,
acre41,-10.304938,-67.908767,enclosure,GE_2021-11-20,99,78.0
acre42,-10.286515,-67.594617,enclosure,GE_2021-11-26,107,104.0
acre43,-10.239525,-67.594915,enclosure,GE_2021-12-25,73,60.0
acre44,-10.304829,-67.696739,enclosure,GE_2022-04-23,98,96.0
acre45,-10.291649,-67.690986,enclosure,GE_2022-04-23,79,71.0
acre46,-10.260666,-67.68424,enclosure,GE_2022-05-19,210,180.0
acre47,-10.100481,-67.003998,enclosure,GE_2022-11-30,68,
acre48,-10.378558,-67.600426,enclosure,GE_2023.08.17,85,78.0
acre49,-10.387279,-67.589738,enclosure,GE_2024.02.17,95,85.0
acre5,-10.597968,-67.802991,enclosure,GE_2021-10-22,229,216.0
acre50,-9.962404,-67.320476,enclosure,GE_2024.08.19,126,
acre51,-10.492101,-67.634026,enclosure,GE_2024.09.02,85,
acre52,-10.225114,-67.954744,enclosure,Kalliola_2024,223,
acre53,-10.243447,-67.707697,enclosure,Kalliola_2024,86,
acre54,-10.426784,-67.643743,enclosure,Kalliola_2024,127,110.0
acre55,-10.291323,-67.751362,enclosure,GE_2025.07.01,152,129.0
acre56,-10.349527,-67.989126,enclosure,GE_2025.07.22,90,84.0
acre6,-10.304307,-67.724463,enclosure,GE_2021-10-22,96,88.0
acre7,-9.762248,-67.821259,enclosure,GE_2010-11-19,120,95.0
acre8,-10.130649,-67.49497,enclosure,GE_2011-02-21,100,75.0
acre9,-10.59603,-67.687069,enclosure,GE_2014-01-30,108,80.0
acrec,-10.110988,-67.0447,circle,GE_2014-01-14,140,
acree,-9.734399,-67.259218,enclosure,GE_2017-11-14,250,
acreg,-9.822468,-67.374032,geoglyph,GE_2023.07.08,204,182.0
acrel2,-10.071089,-68.004099,ellipse,GE_2010-01-23,160,150.0
acrel3,-10.111203,-67.582607,ellipse,GE_2014-01-30,100,84.0
acren,-9.960923,-67.479536,enclosure,GE_2021-12-17,160,150.0
acrep,-10.110106,-67.046782,parallelogram,GE_2014-01-14,140,
acres,-9.7012,-67.666882,quadrangle,GE_2010-01-21,206,197.0
acrg1,-9.793096,-66.970692,geoglyph,GE_2021-10-26,196,
acrg10,-10.386518,-67.521938,geoglyph,GE_2021-10-22,78,73.0
acrg11,-10.386163,-67.519741,geoglyph,GE_2021-10-22,88,
acrg12,-9.753506,-67.033509,geoglyph,GE_2021-10-25,154,
acrg13,-9.786186,-66.950081,geoglyph,GE_2021-10-27,97,90.0
acrg14,-9.598008,-67.397359,geoglyph,GE_2023.07.08,172,138.0
acrg15,-9.835034,-67.504539,geoglyph,GE_2021-11-08,164,
acrg16,-9.68233,-67.349839,geoglyph,GE_2021-11-08,314,
acrg17,-9.800084,-67.358183,geoglyph,GE_2021-11-09,120,
acrg18,-10.147779,-67.046816,geoglyph,GE_2021-11-09,280,
acrg19,-9.768902,-67.192224,geoglyph,GE_2021-11-09,250,160.0
acrg2,-9.940019,-67.004165,geoglyph,GE_2018.01.09,72,
acrg20,-9.684261,-67.172653,geoglyph,GE_2021-11-13,130,
acrg21,-9.730998,-67.112351,geoglyph,pro_jpg,124,
acrg22,-9.625693,-67.922604,geoglyph,GE_2021-11-14,196,
acrg23,-9.791983,-67.060025,geoglyph,pro_jpg,100,
acrg24,-9.76957,-67.062292,geoglyph,zoom_jpg,128,
acrg25,-9.734177,-67.122157,geoglyph,GE_2021-11-22,123,
acrg26,-9.710536,-67.120314,geoglyph,GE_2021-12-31,92,73.0
acrg27,-10.62338,-67.816322,geoglyph,GE_2022-04-11,107,88.0
acrg28,-10.009968,-67.014117,geoglyph,GE_2022-11-30,103,
acrg29,-10.178332,-66.978113,geoglyph,GE_2022-11-30,134,
acrg3,-9.787109,-66.955297,geoglyph,GE_2018.01.09,188,
acrg30,-10.185352,-66.993159,geoglyph,GE_2022-11-30,184,
acrg31,-9.956537,-67.298994,geoglyph,GE_2024.08.19,90,
acrg32,-9.960341,-67.362615,geoglyph,GE_2024.08.19,58,
acrg33,-9.713319,-67.221475,geoglyph,GE_2023.07.07,88,
acrg34,-9.817758,-67.291543,geoglyph,GE_2023.07.08,93,83.0
acrg35,-9.838341,-67.303862,geoglyph,GE_2023.07.08,90,60.0
acrg36,-9.955039,-66.759283,geoglyph,GE_2023.07.09,90,
acrg37,-9.675678,-67.39233,geoglyph,GE_2023.07.11,132,
acrg38,-9.827812,-67.325409,geoglyph,GE_2023.07.16,196,
acrg39,-10.05233,-67.483424,geoglyph,GE_2023.08.20,82,
acrg4,-10.597523,-67.817313,enclosure,GE_2020-01-14,232,210.0
acrg40,-10.16937,-66.975649,geoglyph,GE_2023.10.11,128,
acrg41,-10.100752,-66.947537,geoglyph,GE_2024.01.07,157,
acrg42,-9.683835,-67.330498,geoglyph,GE_2024.02.05,260,228.0
acrg43,-9.663305,-67.249818,geoglyph,GE_2024.02.11,275,246.0
acrg44,-9.661523,-67.235316,geoglyph,GE_2024.02.11,150,111.0
acrg45,-9.81604,-67.517981,geoglyph,GE_2024.02.11,145,
acrg46,-10.167062,-67.691536,geoglyph,GE_2024.02.11,248,220.0
acrg47,-9.952676,-67.595601,geoglyph,GE_2024.08.29,276,82.0
acrg48,-9.964545,-67.318869,geoglyph,GE_2024.08.19,230,
acrg49,-9.963276,-67.319312,geoglyph,GE_2024.08.19,76,
acrg5,-10.596457,-67.802826,enclosure,GE_2020-01-14,111,
acrg50,-9.87466,-66.918361,geoglyph,GE_2024.08.22,172,
acrg51,-10.107431,-67.57017,geoglyph,Kalliola_2024,64,
acrg52,-10.500393,-67.766558,geoglyph,Kalliola_2024,116,
acrg53,-10.36942,-67.662312,geoglyph,Kalliola_2024,117,104.0
acrg54,-10.380236,-67.616327,geoglyph,Kalliola_2024,102,86.0
acrg55,-9.729074,-67.223724,geoglyph,GE_2024.09.27,90,
acrg56,-9.973514,-66.967081,geoglyph,Kalliola_2024,140,
acrg57,-10.05228,-67.204844,geoglyph,GE_2024.09.30,64,
acrg58,-10.482853,-67.757721,geoglyph,GE_2025.03.22,150,
acrg59,-9.843252,-67.626291,geoglyph,GE_2025.05.07_via_IPHAN,100,
acrg6,-10.607733,-67.796063,enclosure,GE_2020-01-15,183,
acrg60,-10.779192,-69.194303,geoglyph,pro_png,150,
acrg61,-9.897393,-66.853045,geoglyph,GE_2025.05.07_via_IPHAN,103,
acrg62,-9.741904,-67.165257,geoglyph,GE_2025.06.28,216,
acrg63,-10.069835,-67.546601,geoglyph,GE_2025.11.08,65,
acrg7,-9.716406,-67.126727,enclosure,zoom_jpg,169,
acrg8,-9.712207,-67.069545,enclosure,zoom_jpg,128,
acrg9,-9.880013,-66.938848,geoglyph,zoom_jpg,124,93.0
acrge,-9.688574,-67.333193,geoglyph,GE_2018.01.17,282,
acro1,-10.133578,-67.556298,oval,GE_2014-01-27,110,100.0
acro10,-10.448713,-67.761273,circle,GE_2015-12-31,135,
acro11,-9.827506,-67.746844,oval,GE_2015-12-31,140,110.0
acro12,-10.077623,-67.575424,oval,GE_2015-12-31,130,122.0
acro13,-10.35091,-67.698824,oval,GE_2016-02-14,117,100.0
acro14,-9.713835,-67.213756,oval,GE_2021-12-21,140,88.0
acro15,-10.320538,-67.794795,enclosure,GE_2020-01-15,108,92.0
acro16,-10.297818,-67.568095,oval,GE_2021-11-04,94,60.0
acro17,-10.670294,-67.711734,oval,GE_2021-10-20,70,66.0
acro18,-10.330188,-67.707484,oval,GE_2021-10-22,108,73.0
acro19,-10.390339,-67.558445,oval,GE_2024.02.17,111,104.0
acro2,-10.282743,-67.808303,oval,GE_2014-02-01,52,48.0
acro20,-10.33591,-67.561304,oval,GE_2021-10-23,136,116.0
acro21,-10.222411,-67.36931,oval,GE_2021-10-31,94,74.0
acro22,-10.447718,-67.766736,oval,GE_2021-10-25,66,60.0
acro23,-9.896284,-67.439552,oval,GE_2021-10-26,53,46.0
acro24,-10.296898,-67.883517,oval,GE_2021-10-30,90,83.0
acro25,-10.423614,-67.834191,oval,GE_2024.09.02,108,102.0
acro26,-10.480426,-67.851834,oval,GE_2021-10-30,100,85.0
acro27,-9.98996,-67.161364,oval,GE_2021-10-31,66,62.0
acro28,-10.637743,-67.799517,oval,GE_2021-11-11,80,65.0
acro29,-10.614718,-67.804871,oval,GE_2023.08.14,198,187.0
acro3,-10.108027,-67.572127,oval,GE_2014-01-30,112,104.0
acro30,-10.425503,-67.692558,oval,GE_2021-11-11,126,115.0
acro31,-10.10558,-67.853291,oval,GE_2023.08.14,161,148.0
acro32,-10.208455,-67.654812,oval,GE_2021-12-26,52,44.0
acro33,-10.516231,-67.899046,oval,GE_2022-05-05,88,81.0
acro34,-10.112585,-67.662886,oval,GE_2022-05-05,76,55.0
acro35,-10.069005,-67.03761,oval,GE_2022-05-05,50,44.0
acro36,-9.915939,-66.940152,oval,GE_2022-05-05,48,45.0
acro37,-10.294564,-67.919613,oval,GE_2022-05-05,86,72.0
acro38,-10.381089,-67.624043,oval,GE_2023.10.07_via_Peripato_et_al.,114,96.0
acro39,-10.516707,-67.89805,oval,GE_2023.10.07_via_Peripato_et_al.,160,
acro4,-10.247997,-67.161038,oval,GE_2025.06.29,76,72.0
acro40,-10.230071,-67.569952,oval,GE_2024.01.05,184,144.0
acro41,-10.177012,-67.998748,oval,Kalliola_2024,328,280.0
acro42,-10.369187,-67.663044,oval,Kalliola_2024,76,66.0
acro43,-10.388323,-67.619114,oval,Kalliola_2024,103,92.0
acro44,-10.263081,-67.563178,oval,Kalliola_2024,75,67.0
acro45,-10.026888,-67.735846,oval,GE_2025.04.30_via_IPHAN,68,
acro5,-10.416062,-67.67247,oval,zoom_jpg,132,126.0
acro6,-10.418811,-67.670105,oval,zoom_jpg,100,95.0
acro7,-10.185468,-67.607893,oval,GE_2014-02-01,66,62.0
acro8,-10.257769,-67.587592,oval,GE_2014-11-22,70,62.0
acro9,-10.228627,-67.987912,oval,GE_2014-11-25,225,200.0
acroc,-9.895957,-67.519215,octagon,GE_2010-11-13,155,
acrov,-10.155484,-67.858555,oval,GE_2014-11-22,200,185.0
acrp1,-10.054917,-67.616657,parallelogram,GE_2011-02-21,108,
acrp10,-9.737391,-67.241952,parallelogram,GE_2023.08.14,88,
acrp11,-9.713785,-67.120347,parallelogram,zoom_jpg,117,
acrp12,-9.732533,-67.122022,parallelogram,zoom_jpg,192,166.0
acrp13,-9.947836,-67.260838,parallelogram,GE_2021-10-17,68,
acrp14,-9.899158,-66.867546,parallelogram,GE_2024.08.22,187,134.0
acrp2,-9.917373,-66.999688,parallelogram,GE_2014-01-27,95,80.0
acrp3,-10.145628,-67.045995,quadrangle,GE_2023.10.11,218,192.0
acrp4,-9.98748,-67.498703,parallelogram,GE_2014-02-01,170,
acrp5,-9.766479,-67.192546,parallelogram,GE_2014-10-06,104,98.0
acrp6,-9.727481,-67.129969,parallelogram,GE_2014-10-06,142,
acrp7,-10.087454,-67.314401,parallelogram,GE_2014-11-17,152,
acrp8,-10.033724,-67.255342,parallelogram,GE_2014-11-17,116,112.0
acrp9,-10.066476,-67.189794,parallelogram,GE_2023.10.07,133,
acrpa,-9.868506,-66.962068,parallelogram,GE_2014-01-27,150,
acrq1,-9.805979,-67.099118,quadrangle,GE_2023.08.17,110,100.0
acrq10,-9.967581,-67.468575,quadrangle,GE_2021-12-21,94,80.0
acrq11,-9.810752,-67.511663,quadrangle,GE_2024.02.05,82,
acrq12,-9.949172,-67.598386,quadrangle,GE_2014-11-23,64,
acrq13,-10.108983,-66.956794,quadrangle,GE_2015.12.31,130,122.0
acrq14,-9.768989,-67.348527,quadrangle,GE_2023.09.30,146,
acrq15,-9.501626,-67.776564,quadrangle,GE_2021-12-20,148,106.0
acrq16,-10.09636,-67.371786,rectangle,GE_2021-10-27,78,70.0
acrq17,-9.60884,-67.354404,quadrangle,GE_2019-01-29,345,238.0
acrq18,-10.244941,-67.315465,quadrangle,GE_2020-01-15,57,39.0
acrq19,-10.245293,-67.316192,quadrangle,GE_2020.03.10,70,
acrq2,-10.034723,-67.104826,quadrangle,GE_2021-10-26,81,
acrq20,-9.711383,-67.054202,quadrangle,GE_2025.06.28,164,132.0
acrq21,-10.03578,-67.165478,quadrangle,GE_2025.06.29,75,62.0
acrq22,-10.023694,-67.068654,quadrangle,GE_2021-10-17,83,75.0
acrq23,-10.385558,-67.52043,quadrangle,GE_2021-12-28,68,65.0
acrq24,-10.216535,-67.353989,quadrangle,GE_2021-10-17,49,
acrq25,-9.933664,-67.463993,quadrangle,GE_2021-10-26,204,
acrq26,-9.967434,-67.46916,quadrangle,GE_2021-12-21,57,51.0
acrq27,-10.225799,-67.465338,quadrangle,GE_2022-05-19,144,114.0
acrq28,-10.157404,-67.862512,quadrangle,GE_2021-10-27,120,110.0
acrq29,-10.036761,-67.536898,quadrangle,GE_2021-10-29,140,120.0
acrq3,-10.047067,-67.304087,quadrangle,GE_2014-11-17,114,82.0
acrq30,-10.079349,-67.512631,quadrangle,GE_2021-10-29,54,43.0
acrq31,-9.82868,-67.737887,quadrangle,GE_2021-11-01,136,98.0
acrq32,-10.225048,-67.463973,quadrangle,GE_2021-11-03,62,58.0
acrq33,-10.236415,-67.453038,quadrangle,GE_2021-11-03,64,51.0
acrq34,-10.215019,-67.370523,quadrangle,GE_2022-05-19,88,77.0
acrq35,-9.938649,-67.603829,quadrangle,GE_2021-11-08,40,36.0
acrq36,-10.105877,-66.95789,quadrangle,GE_2025.04.29,66,
acrq37,-9.745558,-67.269384,quadrangle,GE_2024.08.19,146,136.0
acrq38,-9.730457,-67.224434,quadrangle,GE_2024.08.20,114,100.0
acrq39,-9.73189,-67.076843,quadrangle,pro_jpg,120,98.0
acrq4,-9.945038,-67.022933,quadrangle,GE_2014-01-27,90,75.0
acrq40,-9.663444,-67.173219,quadrangle,GE_2021-11-12,90,
acrq41,-9.650764,-67.204461,quadrangle,GE_2021-11-12,80,55.0
acrq42,-10.32811,-67.60419,quadrangle,GE_2021-11-26,69,66.0
acrq43,-10.287254,-67.59844,quadrangle,GE_2021-11-26,130,90.0
acrq44,-10.171695,-67.666403,quadrangle,GE_2024.09.28,56,
acrq45,-10.29527,-67.652247,quadrangle,GE_2023.08.14,85,79.0
acrq46,-10.073971,-67.013429,quadrangle,GE_2022-04-24,104,99.0
acrq47,-9.968242,-67.321403,quadrangle,GE_2022-05-05,218,208.0
acrq48,-10.079412,-67.066265,quadrangle,GE_2022-05-05,155,131.0
acrq49,-9.708672,-67.233478,quadrangle,GE_2023.10.06,164,152.0
acrq5,-9.749255,-67.196476,quadrangle,GE_2023.07.07,216,207.0
acrq50,-10.04685,-66.994059,quadrangle,GE_2022-11-30,124,120.0
acrq51,-10.225228,-67.454654,quadrangle,GE_2023.07.04,48,44.0
acrq52,-9.747922,-67.271432,quadrangle,GE_2024.08.29,120,
acrq53,-9.736137,-67.318586,quadrangle,GE_2023.07.07,118,
acrq54,-9.744974,-67.230702,quadrangle,GE_2023.07.07,103,98.0
acrq55,-9.623425,-67.271681,quadrangle,GE_2023.07.07,168,162.0
acrq56,-9.793225,-67.219167,quadrangle,GE_2023.07.08,98,96.0
acrq58,-9.758125,-67.194506,quadrangle,GE_2024.08.20,114,
acrq59,-9.917365,-67.164682,quadrangle,GE_2023.10.07_via_Peripato_et_al.,101,
acrq6,-10.214406,-67.37067,quadrangle,GE_2021-10-31,52,43.0
acrq60,-10.062057,-67.553126,quadrangle,GE_2023.10.15,73,
acrq61,-9.94154,-67.57334,quadrangle,lidar_approximate,125,110.0
acrq62,-10.260762,-67.744873,quadrangle,GE_2024.01.06,183,94.0
acrq63,-9.898278,-66.778727,quadrangle,GE_2024.02.18,128,121.0
acrq64,-10.526541,-67.798241,quadrangle,GE_2024.09.02,130,
acrq65,-9.703886,-67.665339,quadrangle,Kalliola_2024,82,72.0
acrq66,-9.631382,-67.241225,quadrangle,Kalliola_2024,176,
acrq67,-9.712352,-67.515439,quadrangle,GE_2024.09.24,118,112.0
acrq68,-9.823946,-67.744754,quadrangle,Kalliola_2024,117,
acrq69,-10.171787,-67.667048,quadrangle,Kalliola_2024,72,65.0
acrq7,-9.602189,-67.382792,quadrangle,GE_2014-10-05,200,
acrq70,-9.702727,-67.23449,quadrangle,GE_2024.09.28,170,
acrq71,-9.700377,-67.229213,quadrangle,GE_2024.09.28,108,
acrq72,-10.19744,-67.152011,quadrangle,GE_2024.10.04,53,
acrq73,-9.800132,-67.03258,quadrangle,GE_2021-10-14,88,78.0
acrq74,-9.957678,-67.046507,quadrangle,GE_2025.06.28,157,140.0
acrq75,-9.754137,-67.816015,quadrangle,GE_2025.07.05,159,103.0
acrq76,-10.093745,-66.981201,quadrangle,GE_2025.07.20,80,78.0
acrq8,-9.692481,-67.26956,quadrangle,GE_2014-10-06,105,100.0
acrq9,-10.105554,-66.943269,quadrangle,GE_2024.02.24,115,100.0
acrqu,-10.087948,-67.311575,quadrangle,GE_2021-12-25,188,168.0
acrr1,-9.819383,-67.748189,rectangle,GE_2021-12-25,144,134.0
acrr10,-10.308753,-67.728882,rectangle,GE_2021-10-30,182,128.0
acrr11,-10.23836,-67.593963,rectangle,GE_2014-02-01,56,50.0
acrr12,-9.764878,-67.192967,rectangle,GE_2021-11-09,108,90.0
acrr13,-9.714091,-67.515496,rectangle,GE_2021-12-25,147,130.0
acrr14,-10.104544,-67.329757,rectangle,GE_2021-12-25,105,82.0
acrr15,-10.172947,-67.209032,rectangle,GE_2021-11-01,60,54.0
acrr16,-10.149612,-66.991442,rectangle,GE_2022-11-30,92,72.0
acrr17,-9.784133,-66.948397,rectangle,GE_2014-11-18,152,110.0
acrr18,-9.921501,-66.863337,rectangle,GE_2024.08.22,173,169.0
acrr19,-9.644723,-67.381262,rectangle,GE_2024.08.19,120,118.0
acrr2,-9.915499,-67.673111,rectangle,GE_2010-01-13,100,95.0
acrr20,-9.667884,-67.39165,rectangle,GE_2023.07.08,144,126.0
acrr21,-10.202515,-67.656898,rectangle,GE_2014-01-30,175,155.0
acrr22,-10.259334,-67.347865,rectangle,GE_2020-01-15,54,46.0
acrr23,-10.264105,-67.34655,rectangle,GE_2021-12-25,72,61.0
acrr24,-9.849831,-66.843567,rectangle,GE_2021-10-26,145,136.0
acrr25,-9.604251,-67.351282,rectangle,GE_2021-10-27,77,72.0
acrr26,-10.000841,-67.123795,rectangle,GE_2021-11-04,97,69.0
acrr27,-9.770733,-66.936518,rectangle,GE_2021-11-12,117,65.0
acrr28,-9.931004,-67.478335,rectangle,GE_2023.10.07_via_Peripato_et_al.,167,144.0
acrr29,-10.131702,-67.495468,rectangle,GE_2023.10.07_via_Peripato_et_al.,56,46.0
acrr3,-10.016871,-67.184655,rectangle,GE_2010-11-13,110,95.0
acrr30,-10.296783,-67.635673,rectangle,Kalliola_2024,58,48.0
acrr4,-10.128277,-67.207348,rectangle,GE_2024.09.30,70,
acrr5,-10.126593,-67.207519,rectangle,GE_2024.09.30,72,68.0
acrr6,-10.127441,-67.20893,rectangle,GE_2024.09.30,56,54.0
acrr7,-9.891098,-66.859997,rectangle,GE_2014-01-30,170,130.0
acrr8,-9.889473,-66.857154,rectangle,GE_2014-01-30,140,115.0
acrr9,-10.017082,-67.164525,quadrangle,GE_2023.10.07,90,80.0
acrre,-9.863735,-66.942761,rectangle,GE_2014-01-27,110,85.0
acrs1,-9.703097,-67.665012,square,GE_2021-10-26,148,
acrs10,-9.882407,-67.417338,square,GE_2024.02.05,128,
acrs11,-9.813357,-67.094495,square,pro_jpg,130,
acrs12,-10.06049,-67.061856,square,GE_2014-01-27,80,
acrs13,-10.129683,-67.090555,square,GE_2014-01-27,115,
acrs14,-9.915579,-66.984407,square,GE_2014-01-27,112,
acrs15,-10.019769,-67.135035,square,GE_2013-01-30,110,
acrs16,-10.150823,-67.04795,square,GE_2023.10.11,84,
acrs17,-10.144425,-67.045553,square,GE_2023.10.11,70,
acrs19,-10.093933,-67.306799,square,GE_2014-11-17,140,
acrs2,-10.015777,-67.163014,square,GE_2010-11-13,105,
acrs20,-9.745386,-67.158436,square,GE_2014-10-05,190,
acrs21,-9.781785,-67.220677,square,GE_2014-10-05,130,
acrs22,-9.813131,-67.254181,quadrangle,GE_2024.08.19,105,97.0
acrs23,-9.991011,-67.189622,square,GE_2014-10-06,112,
acrs24,-9.98979,-67.189946,square,GE_2014-10-06,115,
acrs25,-10.100068,-67.373933,square,GE_2014-11-17,42,
acrs26,-10.014365,-67.142105,square,GE_2025.06.28,120,
acrs27,-10.168277,-67.351145,square,GE_2014-11-17,80,
acrs28,-10.084526,-67.19781,square,GE_2014-11-18,48,
acrs29,-10.197644,-67.152983,square,GE_2014-11-18,68,
acrs3,-9.880105,-67.446105,square,GE_2010-11-13,195,
acrs31,-9.783259,-66.949947,parallelogram,GE_2014-11-18,238,
acrs32,-9.96449,-67.000277,square,GE_2014-11-18,126,
acrs33,-9.845224,-67.34863,square,GE_2017-11-14,73,
acrs34,-10.249497,-67.32612,quadrangle,GE_2020-01-15,74,
acrs35,-9.716453,-67.123219,square,zoom_jpg,158,
acrs36,-9.727703,-67.120935,square,GE_2021-11-08,227,
acrs37,-9.934521,-67.462218,square,GE_2021-10-26,102,
acrs39,-10.083986,-67.60284,square,GE_2021-11-05,140,
acrs4,-10.244442,-67.214921,square,GE_2021-10-30,60,
acrs40,-9.885862,-67.440691,square,GE_2021-10-26,227,
acrs41,-9.783176,-67.059301,square,pro_jpg,128,
acrs42,-9.744655,-67.059844,square,pro_jpq,214,
acrs43,-9.892857,-66.76936,square,GE_2024.02.18,122,
acrs6,-10.07924,-67.572824,square,GE_2011-02-21,230,
acrs7,-10.025192,-67.508038,square,GE_2011-02-19,220,
acrs8,-10.063988,-67.221224,square,GE_2011-02-20,106,
acrs9,-10.061233,-67.060076,square,GE_2014-01-27,80,
acrsq,-9.766998,-67.535517,square,GE_2014-11-17,185,
acrtq,-9.885979,-66.958333,quadrangle,GE_2025.07.20,320,230.0
acrts,-9.897658,-67.423391,square,GE_2011-02-21,230,
actsq,-9.75533,-67.156799,square,GE_2025.06.28,200,
alequ,-10.124058,-66.922548,quadrangle,GE_2022-11-30,123,121.0
alge2,-10.116715,-66.923676,enclosure,GE_2022-11-30,92,
algen,-10.098904,-66.906308,enclosure,GE_2022-11-30,110,
amac1,-9.32375,-67.811498,circle,zoom_jpg,126,
amac2,-9.304011,-66.495691,circle,GE_2021-11-19,137,
amac3,-9.392944,-65.85739,circle,GE_2024.08.25,120,
amaci,-9.309311,-66.512311,circle,GE_2021-10-25,107,
amade,-9.35634,-65.954675,enclosure,GE_2025.08.21,161,140.0
amadp,-9.472438,-67.273318,parallelogram,GE_2014-10-05,220,
amadq,-9.308543,-66.506364,quadrangle,GE_2023.08.15,94,86.0
amads,-9.188328,-67.204125,square,GE_2024.08.11,400,
amae1,-9.178132,-66.949325,enclosure,GE_2024.08.18,132,
amae10,-9.014047,-67.229267,enclosure,GE_2024.08.21,262,202.0
amae10,-9.014008,-67.229292,enclosure,GE_2021-11-06,273,205.0
amae12,-9.128475,-67.283261,enclosure,GE_2014-10-06,260,
amae13,-9.417423,-67.290361,enclosure,GE_2021-11-14,326,232.0
amae14,-9.154282,-67.149352,enclosure,GE_2014-10-06,260,210.0
amae15,-9.582036,-66.533676,enclosure,GE_2014-11-05,140,
amae16,-9.173578,-66.943334,enclosure,GE_2016-02-15,240,
amae17,-9.195596,-66.942132,enclosure,GE_2016-02-15,195,175.0
amae18,-9.301357,-66.499049,enclosure,GE_2016-02-16,135,
amae19,-9.059994,-67.170249,enclosure,GE_2017-11-08,268,
amae2,-9.640052,-67.167519,enclosure,GE_2014-10-05,190,240.0
amae20,-9.740415,-66.867898,enclosure,GE_2018-01-08,83,79.0
amae21,-8.77848,-66.748697,enclosure,GE_2025.07.05,264,241.0
amae22,-9.386648,-67.442881,enclosure,GE_2024.08.22,236,207.0
amae23,-8.829299,-66.701804,enclosure,GE_2021-11-17,202,162.0
amae24,-9.244103,-65.994235,enclosure,GE_2025.08.21,138,133.0
amae25,-9.511054,-66.748947,enclosure,GE_2023.07.10,286,194.0
amae26,-9.12004,-67.27657,enclosure,GE_2023.10.06_via_Peripato_et_al.,188,150.0
amae27,-9.262612,-67.355171,enclosure,GE_2023.10.16,185,166.0
amae28,-9.629473,-66.797823,enclosure,GE_2023.10.26,135,128.0
amae29,-9.470452,-65.731258,enclosure,pro_png,104,94.0
amae3,-9.547665,-67.2782,enclosure,GE_2018-01-03,100,
amae30,-9.012673,-67.037374,enclosure,GE_2024.08.23,167,146.0
amae31,-8.854103,-66.87789,enclosure,GE_2025.07.08,210,168.0
amae32,-8.677272,-66.582368,enclosure,GE_2025.07.22,170,161.0
amae33,-9.401698,-65.905554,enclosure,GE_2025.08.21,91,87.0
amae4,-9.233166,-67.282116,enclosure,GE_2014-10-05,220,
amae5,-9.186759,-67.28492,enclosure,GE_2023.07.13,200,175.0
amae6,-9.213011,-67.231092,enclosure,GE_2023.07.11,230,212.0
amae7,-9.157874,-67.226067,enclosure,GE_2024.08.11,223,210.0
amae8,-9.219053,-67.203754,enclosure,GE_2024.08.11,247,214.0
amae9,-9.211832,-67.200842,enclosure,GE_2024.08.11,284,258.0
amael,-9.20614,-67.3249,ellipse,GE_2023.07.13,170,130.0
amag1,-9.67265,-67.000104,enclosure,GE_2025.07.23,128,
amag10,-9.052799,-67.212287,geoglyph,GE_2021-11-06,194,172.0
amag11,-9.057445,-67.212792,geoglyph,GE_2021-11-06,112,
amag12,-9.131834,-66.166701,geoglyph,GE_2024.08.25,282,
amag13,-9.325214,-66.517966,geoglyph,GE_2021-11-08,113,
amag14,-9.026475,-67.095399,quadrangle,GE_2024.08.23,172,141.0
amag15,-9.180283,-67.247699,geoglyph,GE_2021-11-12,266,
amag16,-9.088948,-67.246391,geoglyph,GE_2021-11-12,183,
amag17,-9.008278,-67.266621,geoglyph,GE_2024.08.21,200,170.0
amag18,-8.978069,-67.236315,geoglyph,GE_2021-11-12,163,
amag19,-9.14596,-67.222533,geoglyph,GE_2023.07.17,126,108.0
amag2,-9.220317,-67.356885,quadrangle,GE_2023.10.16,170,128.0
amag20,-8.965753,-67.010115,geoglyph,GE_2024.08.23,180,130.0
amag21,-9.004033,-67.118695,geoglyph,GE_2021-11-26,118,
amag22,-9.094297,-67.24811,geoglyph,GE_2021-12-18,166,125.0
amag23,-9.125803,-65.894693,geoglyph,pro_jpg,176,
amag24,-8.999112,-67.028939,geoglyph,GE_2021-12-31,180,
amag25,-8.850354,-66.859271,geoglyph,GE_2023.04.07,88,
amag26,-9.159999,-67.233698,geoglyph,GE_2023.07.30,134,
amag27,-9.233483,-67.179158,geoglyph,GE_2024.08.17,160,
amag28,-9.33093,-66.519537,geoglyph,GE_2023.08.15,170,
amag29,-9.399648,-67.09765,geoglyph,pro_png,130,
amag3,-9.308747,-66.533121,geoglyph,GE_2021-10-24,170,
amag30,-9.376217,-67.283434,geoglyph,GE_2024.01.28,266,
amag31,-9.607982,-67.278799,geoglyph,GE_2024.02.05,86,
amag32,-9.172835,-65.304502,geoglyph,GE_2024.02.20,125,108.0
amag33,-8.666958,-67.030203,geoglyph,pro_png,246,
amag34,-9.42828,-67.237765,geoglyph,GE_2024.08.18,131,
amag35,-9.169565,-67.469876,geoglyph,GE_2024.08.22,250,230.0
amag36,-9.296911,-67.407755,geoglyph,GE_2024.08.22,300,270.0
amag37,-8.890275,-67.507077,geoglyph,GE_2024.08.23,160,
amag38,-9.040555,-67.068324,geoglyph,GE_2024.08.23,206,
amag39,-9.039447,-67.061939,geoglyph,GE_2024.08.23,174,
amag4,-9.299628,-66.508498,geoglyph,GE_2021-10-24,100,
amag40,-8.962138,-67.019303,geoglyph,GE_2024.08.23,159,
amag41,-8.986471,-67.009653,geoglyph,GE_2024.08.23,238,187.0
amag42,-8.952327,-66.98098,geoglyph,GE_2024.08.23,220,
amag43,-8.913728,-66.988531,geoglyph,GE_2024.08.23,170,122.0
amag44,-9.069543,-66.126183,geoglyph,GE_2024.08.25,134,112.0
amag45,-9.162589,-66.15151,geoglyph,GE_2024.08.25,161,
amag46,-9.165052,-66.136543,geoglyph,GE_2024.08.25,156,
amag47,-9.542689,-67.231684,geoglyph,GE_2024.08.25,220,
amag48,-9.185023,-67.186596,geoglyph,GE_2024.09.23,124,98.0
amag49,-9.203232,-66.112136,geoglyph,Kalliola_2024,152,102.0
amag5,-9.562626,-67.00207,geoglyph,GE_2021-10-24,113,
amag50,-9.057834,-67.170045,geoglyph,GE_2024.09.30,238,196.0
amag51,-9.068655,-66.059839,geoglyph,GE_2024.12.16,154,144.0
amag52,-9.025112,-65.948327,geoglyph,GE_2024.12.16,144,
amag53,-9.391226,-65.847674,geoglyph,GE_2024.12.16,128,
amag54,-8.796883,-66.800014,geoglyph,GE_2025.07.05,188,
amag55,-8.714263,-67.04665,geoglyph,GE_2025.07.05,108,
amag56,-8.710655,-67.025006,geoglyph,GE_2025.07.05,226,
amag57,-8.945141,-65.905372,geoglyph,GE_2025.07.08,96,
amag58,-8.776485,-66.613267,geoglyph,GE_2025.07.22,250,188.0
amag59,-9.354872,-65.953896,geoglyph,GE_2025.08.21,200,168.0
amag6,-9.235763,-67.353606,geoglyph,zoom_jpg,180,
amag60,-9.540571,-67.14797,geoglyph,GE_2025.10.25,125,
amag61,-9.540718,-67.112334,geoglyph,GE_2025.10.25,124,78.0
amag62,-9.500341,-67.046711,geoglyph,GE_2025.10.25,100,88.0
amag7,-9.18299,-67.197208,geoglyph,GE_2023.07.21,194,
amag8,-9.240606,-67.164462,square,GE_2021-11-06,167,123.0
amag9,-9.00124,-66.95077,geoglyph,GE_2022-05-18,144,
amage,-9.159569,-67.349898,geoglyph,GE_2025.02.19,209,155.0
amao1,-9.428711,-65.74344,oval,GE_2024.07.31,94,90.0
amao10,-9.663726,-67.130456,oval,pro_jpq,366,316.0
amao11,-9.273211,-66.493752,oval,GE_2021-11-19,189,166.0
amao12,-9.12901,-66.949634,oval,GE_2024.08.18,230,226.0
amao13,-8.831454,-66.918782,oval,GE_2021-12-19,256,238.0
amao14,-9.197925,-67.319104,oval,GE_2024.01.28,240,208.0
amao15,-8.932817,-67.252133,oval,GE_2023.10.06_via_Peripato_et_al.,88,79.0
amao16,-9.394107,-65.955233,oval,GE_2025.08.21,120,105.0
amao2,-9.16716,-67.1659,oval,GE_2014-10-05,130,118.0
amao3,-9.332789,-67.943544,oval,GE_2015-05.01,140,104.0
amao4,-9.344011,-67.898655,oval,GE_2015.05.06,200,110.0
amao5,-9.286609,-67.409303,oval,GE_2024.08.22,240,210.0
amao6,-9.224779,-67.364149,oval,GE_2023.10.16,186,156.0
amao7,-9.190623,-67.285562,oval,GE_2023.07.13,100,79.0
amao9,-9.273369,-66.487147,oval,pro_jpg,96,85.0
amaoc,-9.183614,-67.002622,octagon,GE_2024.08.17,155,
amaov,-9.559856,-67.169716,oval,GE_2014-10-06,480,440.0
amap1,-9.05209,-67.196252,parallelogram,GE_2014-10-05,235,175.0
amap10,-9.234006,-67.051315,parallelogram,zoom_jpg,290,260.0
amap2,-8.989377,-67.141948,parallelogram,GE_2023.10.06,220,190.0
amap3,-9.109431,-67.244413,parallelogram,GE_2021-12-18,210,190.0
amap4,-9.000719,-67.175389,parallelogram,GE_2014-10-05,200,190.0
amap5,-9.172004,-67.16535,parallelogram,GE_2014-10-05,180,130.0
amap6,-9.373701,-66.065764,parallelogram,zoom_jpg,152,
amap7,-9.698203,-67.014001,parallelogram,GE_2016-02-15,128,
amap8,-9.590833,-66.798717,parallelogram,GE_2016-02-16,208,
amap9,-9.268438,-66.478445,parallelogram,GE_2016-02-16,210,
amapa,-9.177379,-67.164573,parallelogram,GE_2014-10-05,330,
amaq1,-9.108884,-67.246159,quadrangle,GE_2014-10-05,210,190.0
amaq10,-9.052778,-67.212293,quadrangle,GE_2019-03-24,190,158.0
amaq11,-9.616038,-67.267048,quadrangle,GE_2021-10-14,129,120.0
amaq12,-8.970755,-67.10886,quadrangle,zoom_jpg,230,200.0
amaq13,-9.202306,-67.10098,quadrangle,zoom_jpg,278,240.0
amaq14,-9.384278,-67.107454,quadrangle,zoom_jpg,234,200.0
amaq15,-9.258636,-67.044099,quadrangle,zoom_jpg,211,154.0
amaq17,-9.68281,-67.043523,quadrangle,zoom_jpg,103,95.0
amaq18,-9.31548,-66.509708,quadrangle,GE_2021-11-15,118,
amaq19,-9.551211,-66.597518,quadrangle,GE_2025.07.09,114,113.0
amaq2,-9.56378,-67.173453,quadrangle,GE_2014-10-06,200,
amaq20,-9.351454,-66.587603,quadrangle,GE_2021-10-24,114,106.0
amaq21,-9.337068,-66.570222,quadrangle,GE_2021-10-24,158,
amaq22,-9.30581,-66.523699,quadrangle,GE_2024.01.24,132,116.0
amaq23,-9.783269,-66.839,quadrangle,GE_2021-10-26,104,64.0
amaq24,-9.172322,-66.941766,quadrangle,GE_2021-10-27,188,174.0
amaq25,-9.183196,-67.155315,quadrangle,GE_2021-12-31,263,244.0
amaq26,-9.37262,-67.317898,quadrangle,GE_2023.10.16,254,192.0
amaq27,-9.154619,-67.224026,quadrangle,GE_2024.08.10,136,
amaq28,-9.325725,-66.515565,quadrangle,GE_2021-11-15,103,
amaq29,-9.445736,-66.563554,quadrangle,GE_2023-08-15,210,144.0
amaq3,-9.311158,-66.993337,quadrangle,GE_2016-02-15,238,224.0
amaq30,-9.574085,-67.272557,quadrangle,GE_2021-11-12,151,137.0
amaq31,-9.576977,-67.271654,quadrangle,GE_2021-11-12,136,
amaq32,-9.16196,-66.97082,quadrangle,GE_2024.08.29,240,226.0
amaq33,-9.661075,-67.039706,quadrangle,pro_jpg,235,212.0
amaq34,-9.267741,-66.485723,quadrangle,pro_jpg,230,224.0
amaq35,-9.016365,-66.115313,quadrangle,GE_2024.08.25,164,158.0
amaq36,-9.343834,-66.566553,quadrangle,GE_2021-11-15,194,164.0
amaq37,-9.35159,-66.562877,quadrangle,GE_2021-11-15,318,206.0
amaq38,-8.634223,-67.131176,quadrangle,GE_2021-11-17,244,
amaq39,-9.133947,-67.276107,quadrangle,GE_2023.07.13,132,130.0
amaq4,-9.321031,-66.513165,quadrangle,GE_2021-10-28,126,
amaq41,-8.902786,-67.390914,quadrangle,GE_2021-11-26,170,148.0
amaq42,-9.469477,-66.734295,quadrangle,GE_2023.07.10,162,160.0
amaq43,-9.184797,-67.180986,quadrangle,GE_2023.07.13,180,156.0
amaq44,-9.186678,-67.181081,quadrangle,GE_2023.07.30,257,
amaq45,-8.896226,-67.435097,quadrangle,GE_2023.10.06_via_Peripato_et_al.,138,133.0
amaq46,-9.492855,-67.633496,quadrangle,GE_2023.10.06_via_Peripato_et_al.,128,118.0
amaq47,-9.12405,-66.9586,quadrangle,globalforestwatch.org/map,243,230.0
amaq48,-9.249598,-67.003799,quadrangle,globalforestwatch.org/map/,218,183.0
amaq49,-9.388488,-65.851619,quadrangle,GE_2024.08.25,234,196.0
amaq5,-9.30439,-66.503521,quadrangle,GE_2016-02-16,150,136.0
amaq50,-9.602397,-67.27595,quadrangle,GE_2024.02.05,167,
amaq51,-9.558346,-66.449943,quadrangle,GE_2024.08.24,209,202.0
amaq52,-9.461765,-67.605377,quadrangle,GE_2024.02.11,128,
amaq53,-9.137895,-67.17257,quadrangle,GE_2024.08.17,112,
amaq54,-9.158073,-67.048223,quadrangle,GE_2024.08.17,258,225.0
amaq55,-9.182625,-67.005123,quadrangle,GE_2024.08.17,175,
amaq56,-9.229588,-66.939578,quadrangle,GE_2024.08.18,132,126.0
amaq57,-8.951453,-67.605991,quadrangle,GE_2024.08.23,109,104.0
amaq58,-9.025678,-67.039088,quadrangle,GE_2024.08.23,196,
amaq59,-9.375111,-65.853988,quadrangle,GE_2024.08.25,118,
amaq6,-9.50382,-66.672685,quadrangle,GE_2016-02-16,126,112.0
amaq60,-9.485123,-67.270429,quadrangle,GE_2024.09.02,102,
amaq61,-9.480206,-67.374655,quadrangle,Kalliola_2024,187,180.0
amaq62,-9.481951,-67.374902,quadrangle,Kalliola_2024,182,
amaq63,-9.582253,-67.281727,quadrangle,GE_2024.09.30,190,176.0
amaq64,-9.097109,-67.250735,quadrangle,GE_2025.03.23,226,184.0
amaq65,-9.096969,-67.250661,quadrangle,GE_2025.03.23,156,
amaq66,-8.718009,-67.048664,quadrangle,GE_2025.07.05,165,119.0
amaq67,-8.798019,-66.851971,quadrangle,GE_2025.07.08,224,212.0
amaq68,-9.536107,-66.596515,quadrangle,GE_2025.07.09,52,35.0
amaq69,-9.523071,-66.810829,quadrangle,GE_2025.07.23,180,136.0
amaq7,-9.22647,-67.294767,quadrangle,GE_2023.07.11,95,92.0
amaq70,-9.339892,-65.939282,quadrangle,GE_2025.08.21,151,
amaq8,-9.482717,-67.381759,quadrangle,GE_2024.08.18,138,
amaq9,-9.504186,-67.40981,quadrangle,GE_2021-10-28,178,175.0
amaqu,-9.17357,-67.202925,quadrangle,GE_2023.07.21,320,
amar1,-9.156143,-67.223649,quadrangle,GE_2023.07.12,123,119.0
amar10,-9.167196,-67.14345900000001,rectangle,GE_2024.08.17,248,213.0
amar11,-8.981662,-67.139744,rectangle,GE_2024.08.26,170,162.0
amar2,-9.435642,-67.179573,rectangle,GE_2024.08.09,234,138.0
amar4,-9.43432,-65.816618,rectangle,GE_2024.08.25,241,220.0
amar5,-9.01816,-66.143395,rectangle,GE_2024.08.25,126,122.0
amar6,-9.082955,-66.046389,rectangle,GE_2021-11-16,350,280.0
amar7,-9.009603,-67.125954,rectangle,GE_2021-11-26,105,102.0
amar8,-9.129587,-67.172621,rectangle,GE_2024.08.17,216,194.0
amar9,-9.224454,-67.264545,rectangle,GE_2024.08.10,158,144.0
amare,-9.499476,-67.628893,rectangle,GE_2014-11-18,184,172.0
amas1,-9.109089,-67.213445,square,GE_2021-11-06,289,
amas10,-9.15984,-67.495822,square,GE_2017-11-14,78,
amas11,-9.207357,-67.314104,quadrangle,GE_2023.07.13,110,
amas12,-9.128774,-67.296817,quadrangle,GE_2023.07.13,143,135.0
amas13,-9.142757,-67.219678,square,GE_2023.07.19,230,
amas14,-9.124496,-67.251316,square,GE_2024.08.10,112,
amas15,-9.1822,-67.481502,square,GE_2020-01-16,156,
amas16,-9.696398,-67.014054,square,zoom_jpg,112,
amas17,-9.374678,-66.067711,square,zoom_jpg,114,
amas18,-9.388521,-67.245011,square,GE_2024.08.18,223,
amas19,-9.399532,-67.160181,square,GE_2024.08.18,133,
amas2,-9.222128,-67.279663,square,GE_2014-10-06,205,
amas20,-8.840484,-66.841796,square,GE_2025.08.16,140,
amas21,-8.979772,-67.018438,square,GE_2024.08.23,108,
amas22,-8.621292,-66.813735,square,GE_2025.07.22,86,
amas3,-9.108168,-67.23524,square,GE_2021-12-20,190,
amas4,-9.587199,-67.279308,square,GE_2024.01.30,155,
amas41,-8.812542,-66.838844,square,GE_2025.08.16,190,
amas42,-8.800757,-66.832091,square,bing_jpg_2025,326,
amas5,-9.126232,-67.212419,square,GE_2023.07.19,124,
amas6,-9.185859,-67.195388,square,GE_2023.07.21,173,
amas7,-9.548193,-67.166883,square,GE_2014-10-06,150,
amas8,-9.427115,-67.246424,square,GE_2021-11-16,108,
amas9,-9.656398,-66.991189,square,GE_2016-02-15,118,
amasq,-9.159157,-67.218394,square,GE_2014-10-05,330,
amats,-9.128127,-67.213347,square,GE_2014-10-05,260,
amazg,-9.756387,-66.947768,geoglyph,GE_2018-01-08,260,
amazo,-9.379465,-66.618893,oval,GE_2024.09.29,340,320.0
amazq,-9.188296,-67.203971,quadrangle,GE_2023.08.14,192,
amazs,-9.500615,-67.056972,square,zoom_jpg,452,
amds1,-9.792452,-66.817662,square,GE_2024.08.22,195,186.0
amds2,-9.134014,-67.276167,quadrangle,GE_2023.07.13,194,
andig,-9.377585,-67.520101,geoglyph,GE_2024.08.23,80,
andir,-9.399371,-67.537489,rectangle,GE_2024.08.23,132,92.0
antoc,-11.170346,-68.100436,circle,GE_2021-10-14,50,
antoo,-11.175979,-68.056671,oval,GE_2021-10-14,146,122.0
antqu,-9.435352,-68.179183,quadrangle,Kalliola_2024,114,97.0
antrg,-9.402462,-68.141627,geoglyph,GE_2021-11-18,168,
antrq,-9.436161,-68.177362,quadrangle,GE_2021-11-18,50,38.0
aracq,-10.036155,-66.92712,quadrangle,GE_2022-11-30,90,53.0
arco2,-10.282743,-67.808303,oval,GE_2025.11.06,52,48.0
assie,-10.915472,-69.464779,enclosure,GE_2015-11-25,244,170.0
assig,-10.871268,-69.388023,geoglyph,GE_2023.05.19,244,
assio,-10.868444,-69.601758,oval,GE_2015-11-25,240,160.0
assis,-10.910099,-69.493066,oval,GE_2023.05.19,325,272.0
assiv,-10.911815,-69.533041,geoglyph,GE_2025.02.08,440,
bacc1,-8.711971,-67.191205,circle,GE_2023.08.20,76,
bacc2,-8.806145,-67.022375,circle,GE_2023.08.20,88,
bacci,-8.890543,-67.066472,circle,GE_2021-11-26,116,
bace1,-8.782915,-67.07376,enclosure,GE_2014-12-06,240,
bace10,-8.862583,-66.981119,enclosure,GE_2021-11-15,43,
bace11,-8.867975,-67.102623,enclosure,GE_2021-11-15,216,180.0
bace12,-8.745083,-67.170188,enclosure,GE_2021-11-18,108,
bace13,-8.844865,-67.147572,enclosure,GE_2025.07.05,275,244.0
bace2,-8.753672,-67.062209,enclosure,GE_2014-02-01,175,
bace3,-8.794858,-67.061404,enclosure,GE_2014-02-01,150,142.0
bace4,-8.795572,-66.955737,enclosure,GE_2014-12-06,106,90.0
bace5,-8.831838,-66.934281,enclosure,GE_2014-12-06,275,230.0
bace6,-8.886525,-67.049433,enclosure,GE_2020-01-15,222,190.0
bace7,-8.873506,-67.03722,enclosure,GE_2020-01-15,220,210.0
bace8,-8.867405,-67.020113,enclosure,GE_2020-01-15,226,220.0
bace9,-8.898908,-66.961101,enclosure,pro_jpg,196,144.0
bacen,-8.738513,-67.082829,enclosure,GE_2014-02-01,216,
bacg1,-8.939195,-67.042832,enclosure,GE_2020-01-15,90,
bacg2,-8.848226,-66.990809,enclosure,GE_2020-01-15,160,
bacg3,-8.958652,-67.014695,geoglyph,GE_2020.03.09,220,
bacg4,-8.855314,-66.971696,geoglyph,GE_2024.08.24,188,
bacg5,-8.866138,-66.874048,quadrangle,GE_2025.07.08,99,
bacg6,-8.937342,-67.071386,geoglyph,GE_2021-10-23,167,
bacg7,-8.800093,-66.960535,quadrangle,GE_2024.08.24,342,338.0
bacg8,-8.873501,-66.944357,geoglyph,GE_2023.07.26,105,
bacg9,-8.833206,-66.939019,geoglyph,GE_2025.01.22,100,
bacge,-8.847383,-67.085227,enclosure,GE_2020-01-15,218,
bacq1,-8.853563,-66.997283,quadrangle,GE_2020-01-15,286,239.0
bacq10,-8.814257,-67.201533,quadrangle,GE_2024.08.21,160,
bacq11,-8.729372,-66.898695,quadrangle,GE_2025.07.22,240,182.0
bacq12,-8.850656,-67.079631,quadrangle,GE_2025.02.01,214,
bacq13,-8.859269,-67.143024,quadrangle,GE_2025.07.05,251,206.0
bacq2,-8.850781,-66.99854,quadrangle,GE_2020.03.09,132,
bacq3,-8.939199,-67.052048,quadrangle,GE_2020.03.09,134,109.0
bacq4,-8.826474,-67.20067,quadrangle,GE_2021-11-10,212,200.0
bacq5,-8.681533,-67.175203,quadrangle,GE_2021-11-10,250,180.0
bacq6,-8.786209,-67.046385,quadrangle,GE_2021-11-18,196,191.0
bacq7,-8.761604,-66.968671,quadrangle,GE_2021-11-18,228,
bacq8,-8.761139,-66.918526,quadrangle,GE_2023.01.04,200,200.0
bacq9,-8.906861,-67.102855,quadrangle,GE_2023.08.20,161,
bacqu,-8.865428,-66.946248,quadrangle,GE_2020-01-15,243,222.0
bacre,-8.939334,-67.063472,rectangle,GE_2020-01-15,192,142.0
bacrq,-8.815772,-67.204229,quadrangle,GE_2024.08.21,408,
bacs2,-8.786589,-67.024622,square,GE_2014-02-01,172,
bacs3,-8.800057,-66.97074,square,GE_2014-02-01,140,
bacs4,-8.843254,-67.000225,square,GE_2015-11-25,114,
bacs5,-8.829214,-67.076382,square,GE_2015-11-25,200,
bacs6,-8.793927,-67.040403,square,GE_2021-11-18,152,
bacsq,-8.719918,-67.175869,square,GE_2021-12-25,175,
bauro,-13.717638,-63.775368,oval,GE_2023.09.18,170,150.0
baurz,-13.64321,-63.639369,zanja,GE_2021-11-25,303,
bdese,-9.696687,-67.488697,enclosure,Kalliola_2024,412,270.0
befc1,-10.594521,-67.689233,circle,GE_2014-01-29,150,
befc2,-10.593545,-67.665323,circle,GE_2014-01-27,120,
befc3,-10.621127,-67.630174,circle,GE_2021-10-22,124,
befci,-10.596084,-67.689696,circle,GE_2016-02-14,220,
befe1,-10.634929,-67.6696,enclosure,GE_2021-10-25,134,118.0
befe2,-10.634114,-67.670947,enclosure,GE_2021-10-25,64,56.0
befg1,-10.618386,-67.630995,enclosure,GE_2020-01-15,110,
befle,-10.618368,-67.63094,enclosure,GE_2021-10-23,113,
beflg,-10.60766,-67.696049,enclosure,GE_2014-01-29,380,340.0
beflq,-10.619231,-67.628676,quadrangle,GE_2021-10-23,84,70.0
befo1,-10.601696,-67.727488,oval,GE_2014-11-25,92,74.0
befo2,-10.599548,-67.725547,oval,GE_2014-11-25,98,71.0
befo3,-10.597065,-67.714215,oval,GE_2014-11-25,100,90.0
befov,-10.600168,-67.727048,oval,GE_2014-11-25,100,74.0
befq1,-10.597847,-67.648953,quadrangle,GE_2021-11-11,84,76.0
belav,-10.16011,-66.951169,geoglyph,GE_2025.02.04,420,
bemoq,-9.986012,-66.741649,quadrangle,Kalliola_2024,132,122.0
bemos,-9.989723,-66.755585,quadrangle,GE_2025.01.25,78,
beniz,-11.22164,-66.2149,zanja,GE_2025.07.07,682,
beviz,-13.27326,-63.687366,zanja,GE_2022-05-07,358,268.0
bolpe,-11.286358,-69.104626,oval,GE_2025.02.08,380,330.0
breto,-13.191565,-63.773811,oval,GE_2021-11-27,137,117.0
bujge,-9.696389,-67.918167,geoglyph,GE_2021-11-07,234,
bujov,-9.718825,-67.917941,enclosure,GE_2014-02-02,188,148.0
bvie1,-13.329507,-63.701349,enclosure,GE_2015-02-10,200,
bvis1,-13.328768,-63.706431,geoglyph,GE_2021-11-11,130,101.0
bvisg,-13.329767,-63.705155,enclosure,GE_2016-01-31,270,240.0
bvisz,-13.344548,-63.683731,zanja,GE_2021-11-27,157,
bviz1,-13.340518,-63.593884,zanja,GE_2021-11-27,200,
bviz2,-13.247079,-63.708013,zanja,GE_2021-11-27,100,
bviz3,-13.319158,-63.301992,zanja,GE_2021-12-12,560,364.0
bviza,-13.255639,-63.694233,zanja,GE_2021-11-27,180,151.0
cagc2,-10.415634,-67.559582,circle,GE_2024.02.17,69,
cagc4,-10.465827,-67.602693,circle,GE_2021-12-21,59,
cagc5,-10.46511,-67.60228,circle,GE_2017-11-14,78,
cagre,-10.522099,-67.706935,enclosure,GE_2025.05.04,95,
camgc,-10.438817,-67.567286,circle,GE_2021-12-21,184,
camgo,-10.449983,-67.58069,circle,GE_2024.02.17,186,
canae,-9.384954,-68.296058,enclosure,Kalliola_2024,265,248.0
candg,-10.96015,-66.651692,geoglyph,GE_2025.02.22,165,
cando,-10.960737,-66.647955,oval,GE_2025.02.22,383,350.0
cang1,-10.967898,-66.662477,geoglyph,GE_2021-11-20,170,
capic,-10.568548,-67.667032,circle,GE_2014-01-27,150,
cassq,-9.794065,-67.046257,square,GE_2021-10-14,240,
casto,-10.58699,-69.603186,oval,GE_2025.11.06,10,9.0
castq,-10.388478,-68.064705,quadrangle,GE_2025.06.29,143,136.0
cgrac,-10.520379,-67.707469,circle,GE_2014-01-29,104,
cgraq,-10.522089,-67.706924,quadrangle,GE_2025.07.23,95,91.0
chine,-10.215643,-67.177358,enclosure,GE_2024.09.22,123,90.0
cobe1,-10.943252,-68.784633,enclosure,GE_2015-05.01,170,150.0
cobe2,-10.825857,-68.699051,enclosure,GE_2015-12-04,70,
cobe3,-10.814633,-68.868761,enclosure,GE_2021-11-19,237,
cobie,-10.756367,-69.122057,enclosure,GE_2025.08.31,49,
cobio,-10.782626,-69.001062,oval,GE_2021-11-03,50,42.0
cobov,-10.968565,-68.869735,oval,Kalliola_2024,88,80.0
cobq1,-11.169477,-68.948675,quadrangle,GE_2021-11-26,46,40.0
cobq2,-10.853292,-68.988278,quadrangle,GE_2021-11-26,70,57.0
cobq3,-10.784164,-68.95832,quadrangle,GE_2021-11-26,60,54.0
cobqu,-10.788404,-68.990134,quadrangle,GE_2025.09.01,80,64.0
crusq,-8.843836,-67.253226,square,GE_2010-01-13,300,
cruzq,-8.845452,-67.251815,quadrangle,GE_2017-12-15,330,260.0
curci,-9.376394,-65.534286,circle,GE_2024.02.20,93,
curdq,-9.154779,-65.498674,quadrangle,GE_2024.07.16,195,
curg1,-9.36754,-65.470415,geoglyph,GE_2024.02.20,198,
curg2,-9.226748,-65.616049,geoglyph,GE_2024.02.20,147,
curg3,-9.210775,-65.468425,geoglyph,GE_2024.07.16,131,
curg4,-9.182424,-65.409821,geoglyph,GE_2024.07.16,106,
curge,-9.376446,-65.48137,geoglyph,GE_2024.02.20,213,
curq1,-9.153312,-65.505169,quadrangle,GE_2024.07.16,144,122.0
curq2,-9.343997,-65.549477,quadrangle,GE_2024.07.31,230,
curq3,-9.376364,-65.539417,quadrangle,GE_2024.07.31,218,
curq4,-9.379957,-65.530735,quadrangle,GE_2024.09.03,142,118.0
curqu,-9.379005,-65.480902,quadrangle,GE_2024.02.20,144,142.0
curs1,-9.385075,-65.486719,geoglyph,GE_2024.02.20,155,
cursq,-9.279033,-65.429611,square,GE_2024.02.20,175,
curur,-9.172827,-65.595228,rectangle,GE_2024.12.16,246,204.0
desco,-10.141794,-67.494221,oval,GE_2021-10-28,170,156.0
desel,-10.151673,-67.496171,ellipse,GE_2014-11-22,240,145.0
desov,-10.144839,-67.491603,oval,GE_2021-10-28,178,170.0
desq1,-10.166953,-67.390169,quadrangle,GE_2021-10-28,87,72.0
desq2,-10.166959,-67.390739,quadrangle,GE_2014-01-29,40,
desq3,-10.161703,-67.457108,quadrangle,GE_2021-10-29,109,
desq4,-10.184886,-67.420685,quadrangle,GE_2022-04-24,65,51.0
desqu,-10.169455,-67.384716,quadrangle,GE_2014-01-27,145,
desre,-10.167166,-67.387959,rectangle,GE_2014-01-27,140,120.0
dmoe1,-10.476324,-67.523146,enclosure,GE_2021-11-19,77,
dmonc,-10.479119,-67.543887,circle,GE_2024.02.17,80,
dmone,-10.467921,-67.550133,enclosure,GE_2024.02.17,67,
dmong,-10.475657,-67.538929,geoglyph,GE_2021-10-22,102,
dmono,-10.477387,-67.543085,oval,GE_2024.02.18,96,94.0
dmonq,-10.477778,-67.540893,quadrangle,GE_2024.02.17,118,
dmoqu,-10.478346,-67.542927,quadrangle,Kalliola_2024,119,106.0
docig,-10.208131,-67.653998,geoglyph,GE_2024.09.22,104,94.0
ecirz,-11.038988,-66.129046,zanja,GE_2021-12-13,340,
emboc,-15.646713,-63.747244,geoglyph,GE_2022-06-02,162,87.0
embog,-15.643891,-63.745227,geoglyph,GE_2022-06-02,604,
enden,-9.225864,-67.009485,enclosure,GE_2024.08.18,174,
endg1,-9.203895,-66.972759,geoglyph,GE_2021-11-25,122,
endg2,-8.856105,-66.595146,geoglyph,GE_2025.07.23,114,104.0
endig,-9.23566,-67.009692,enclosure,GE_2024.08.18,224,186.0
espee,-10.074027,-68.01075,enclosure,GE_2021-11-04,290,217.0
espeg,-10.169308,-67.856775,geoglyph,GE_2021-11-04,202,186.0
espen,-10.10521,-68.053212,enclosure,GE_2025.07.21,232,
espeo,-10.150549,-67.953514,oval,GE_2018-08-30,215,186.0
espov,-10.105559,-67.979776,oval,GE_2025.07.21,169,138.0
espqu,-10.1041,-68.051203,quadrangle,GE_2025.11.06,160,84.0
estae,-14.672911,-66.747574,enclosure,GE_2022-06-05,178,142.0
etrig,-12.536847,-69.111076,enclosure,GE_2016-02-17,480,300.0
flpee,-9.178163,-67.56553,enclosure,GE_2024.08.23,140,
flpeq,-9.225773,-67.612099,quadrangle,Kalliola_2024,186,159.0
forsq,-10.040177,-66.903326,square,GE_2014-01-27,90,
forte,-9.133369,-67.449321,enclosure,GE_2017-10-04,314,278.0
fortg,-9.150524,-67.443001,geoglyph,GE_2024.08.26,112,
fortq,-9.136945,-67.446679,quadrangle,GE_2024.08.22,123,104.0
gavc1,-10.526272,-67.632557,circle,GE_2014-11-12,140,
gavc2,-10.525464,-67.633778,circle,GE_2014-11-12,120,
gave1,-10.523177,-67.631597,enclosure,GE_2014-11-12,150,130.0
gave2,-10.523927,-67.632464,enclosure,GE_2014-11-12,60,53.0
geojk,-9.732121,-67.06162,quadrangle,zoom_jpg,174,
grapz,-13.262745,-63.707025,enclosure,GE_2015-02-10,136,
guapz,-16.823144,-62.843259,zanja,GE_2022-06-03,216,156.0
horci,-10.466009,-67.739703,circle,GE_2010-01-13,100,
horte,-10.467417,-67.737613,enclosure,GE_2022-04-13,94,
huacz,-13.581099,-63.877975,zanja,GE_2022-05-06,145,
iatac,-10.626383,-65.382438,circle,GE_2023.10.07_via_Peripato_et_al.,139,
iatae,-10.585212,-65.330433,enclosure,GE_2021-10-28,160,151.0
iatao,-10.614379,-65.384228,oval,GE_2021-10-28,220,200.0
iconz,-15.409988,-64.445339,zanja,GE_2021-12-13,2030,1330.0
inaov,-11.029203,-69.608027,oval,GE_2025.04.15,94,77.0
inapo,-11.091051,-69.628067,oval,Tokarsk_2025.04.15,98,84.0
indez,-11.462062,-67.588842,zanja,GE_2022-11-16_via_A._Olmeda_,418,
ingag,-10.247738,-66.999199,quadrangle,GE_2025.07.26,212,165.0
ingge,-10.245004,-67.002313,geoglyph,GE_2025.07.26,268,
invaq,-9.805744,-68.314549,quadrangle,GE_2024.02.08,215,185.0
iquen,-9.34583,-66.651432,enclosure,GE_2021-10-28,134,62.0
iquig,-9.780376,-67.258575,geoglyph,GE_2023.07.07,100,
iququ,-9.369747,-66.664615,quadrangle,GE_2016-02-16,190,
iqusq,-9.395785,-66.712583,square,GE_2016-02-16,172,
itadq,-9.655396,-68.286231,quadrangle,GE_2024.02.08,200,153.0
itaqu,-8.717803,-67.297533,quadrangle,GE_2023.12.27,208,187.0
itauq,-8.719342,-67.284443,quadrangle,GE_2017-11-08,200,180.0
itaur,-8.756948,-67.307332,rectangle,GE_2021-11-12,114,108.0
ituxg,-9.737712,-67.246171,geoglyph,GE_2024.09.28,300,
jasio,-13.7214,-63.741007,oval,GE_2016-01-04,360,320.0
lacen,-9.061612,-68.646786,enclosure,GE_2025.05.03_via_IPHAN,124,
lacoe,-9.096718,-68.59043,enclosure,GE_2022-12-06,232,188.0
lacog,-9.108445,-68.60995,geoglyph,GE_2025.01.27,250,
lacoo,-9.170129,-68.657138,oval,GE_2025.01.27,360,314.0
lacov,-9.362081,-68.704038,geoglyph,GE_2025.01.28,196,
lcafz,-14.719046,-64.546247,zanja,GE_2017.01.28,580,
lconc,-15.72854,-63.473085,geoglyph,GE_2022-06-03,57,49.0
lcotz,-14.982706,-64.59349,zanja,GE_2023.01.04,1528,1360.0
lomaz,-15.201684,-64.469745,zanja,GE_2016.02.25,1052,920.0
lomxc,-15.263466,-64.358493,zanja,GE_2022-11-28,2100,1550.0
lpalz,-10.991703,-66.010518,zanja,GE_2021-12-13,320,288.0
lpiez,-11.041466,-66.144243,zanja,GE_2021-12-15,270,168.0
lpisz,-14.718803,-64.724867,zanja,GE_2017.02.01,400,
lporz,-14.864017,-64.389917,zanja,GE_2016.11.09,1330,918.0
lvice,-12.462392,-69.164433,enclosure,GE_2016-02-18,390,260.0
macae,-9.437544,-67.552309,enclosure,GE_2024.08.23,190,160.0
macag,-9.458752,-67.566503,geoglyph,GE_2024.02.11,150,
macao,-9.447076,-67.568481,oval,GE_2018-10-11,140,
macaq,-9.420563,-67.528628,quadrangle,GE_2024.08.23,134,128.0
macci,-11.204361,-68.153152,circle,GE_2022-05-21,61,
mace1,-11.20436,-68.153886,enclosure,GE_2022-05-21,110,99.0
mace2,-11.171669,-68.1299,enclosure,GE_2025.07.07,133,118.0
mace3,-11.172738,-68.1283,enclosure,GE_2025.07.07,76,69.0
macen,-11.181863,-68.142919,enclosure,GE_2025.07.07,296,238.0
macg1,-9.437531,-67.553865,geoglyph,GE_2024.08.23,148,
macg2,-9.44213,-67.585174,geoglyph,GE_2024.08.23,190,164.0
macg3,-11.176707,-68.130162,geoglyph,GE_2025.07.07,504,
macge,-9.479804,-67.536725,geoglyph,GE_2024.02.11,405,380.0
macho,-11.182812,-68.158493,oval,GE_2025.07.07,150,120.0
maco1,-11.173673,-68.126942,oval,GE_2025.07.07,100,79.0
macov,-11.180113,-68.152785,oval,GE_2015-11-25,136,120.0
macre,-11.184613,-68.160503,quadrangle,GE_2025.07.07,80,65.0
madc1,-10.224795,-65.28032,circle,GE_2022-01-01,160,
madci,-10.244167,-65.284141,circle,GE_2022-01-01,208,
maddo,-11.012276,-69.621419,oval,GE_2015-11-25,194,97.0
madsq,-10.231015,-65.265264,square,GE_2021-12-29,244,
mamoe,-10.483881,-66.842196,enclosure,GE_2021-11-20,300,200.0
mando,-11.12433,-67.508904,oval,GE_2025.02.20,250,232.0
mane1,-11.12442,-67.506509,enclosure,GE_2021-11-28,95,
mane2,-11.192049,-67.444177,enclosure,GE_2021-12-21,112,
maniq,-14.573035,-66.566275,oval,GE_2017-11-06,106,96.0
manue,-11.194494,-67.444467,enclosure,GE_2021-10-25,190,166.0
manuq,-11.122324,-67.532511,quadrangle,GE_2017-11-05,200,
monto,-10.85475,-69.088198,oval,Kalliola_2024,168,
murag,-9.557218,-65.465406,geoglyph,lidar_Neves,127,
muraq,-9.546527,-65.433325,quadrangle,lidar_Neves,174,
musen,-8.833714,-67.264405,enclosure,GE_2024.08.21,175,130.0
musge,-8.879322,-67.21844,geoglyph,GE_2023.12.28,150,
musov,-8.872311,-67.241923,oval,GE_2021-12-21,95,85.0
musre,-8.887569,-67.251555,rectangle,GE_2021-12-21,260,200.0
muss2,-8.8868,-67.250795,square,GE_2021-12-21,205,
muss3,-8.886511,-67.171939,square,GE_2024.07.06,104,
muss4,-8.843907,-67.259424,square,GE_2014-01-25,230,
mussq,-8.875018,-67.24471,square,GE_2010-01-13,260,
mustg,-8.879944,-67.222012,geoglyph,GE_2023.12.28,274,224.0
namog,-10.311704,-65.27731,geoglyph,GE_2021-11-29,173,
narci,-11.284281,-68.970989,circle,GE_2021-11-03,258,
narge,-11.278921,-69.028923,geoglyph,pro_jpg,99,
ndimc,-10.322612,-64.727511,circle,GE_2024.09.05,172,
nemov,-9.937566,-68.112864,oval,Kalliola_2024,240,174.0
nemqu,-9.888449,-68.217784,quadrangle,GE_2014-11-25,98,92.0
nmamg,-10.351901,-65.350798,geoglyph,GE_2022-01-01,192,
nmamr,-10.384063,-64.947867,rectangle,GE_2021-12-28,175,105.0
nmamz,-10.335394,-64.930036,zanja,GE_2021-12-29,170,
nmaz1,-10.267404,-65.305634,zanja,GE_2021-12-29,301,
nmaza,-10.270091,-65.305981,zanja,GE_2021-12-29,312,260.0
nolge,-10.066596,-67.414978,geoglyph,GE_2021-12-21,60,
nolq2,-10.066403,-67.415769,quadrangle,GE_2014-01-27,60,
nolqu,-10.080157,-67.422604,quadrangle,GE_2011-02-21,140,116.0
nolsq,-10.071364,-67.410318,square,GE_2011-02-21,135,
nomao,-10.438911,-65.318752,oval,GE_2016.02.20,205,180.0
nunig,-9.796714,-67.672536,enclosure,GE_2014-01-27,120,
nunov,-9.795662,-67.671474,oval,GE_2017-11-13,190,160.0
ojmur,-10.983925,-68.493547,rectangle,GE_2021-11-03,58,42.0
orobo,-13.231602,-63.796155,oval,GE_2015-02-10,282,270.0
orobz,-13.220237,-63.780002,zanja,GE_2023.01.09,101,
oroz1,-13.124869,-63.840543,zanja,GE_2021-12-17,232,
oroza,-13.137812,-63.813173,zanja,GE_2021-12-17,163,
pacrg,-9.529921,-67.678059,geoglyph,GE_2024.09.23,380,
pacro,-9.51453,-67.679008,oval,GE_2015-05.06,250,200.0
palc1,-10.367035,-67.722803,circle,GE_2015-12-31,75,
pale1,-10.3646,-67.720766,enclosure,GE_2021-10-22,62,
paleg,-8.838858,-67.718105,geoglyph,GE_2025.07.23,160,
palmc,-10.365925,-67.721823,circle,GE_2015-12-31,95,
palme,-10.365631,-67.718813,enclosure,GE_2021-10-22,146,137.0
palov,-10.367484,-67.723084,oval,GE_2021-12-21,35,31.0
parag,-9.460653,-67.347054,geoglyph,GE_2018-10-11,150,
parov,-10.241317,-67.854391,oval,GE_2025.07.01,187,172.0
pcie2,-9.914119,-67.479554,enclosure,GE_2014-01-31,150,
pcien,-9.916505,-67.475695,enclosure,GE_2014-01-31,240,170.0
pimez,-13.402459,-61.079318,zanja,GE_2021-11-06,362,286.0
placc,-10.218199,-67.158254,circle,GE_2025.02.19,170,
placg,-10.248926,-67.099083,geoglyph,GE_2021-10-31,116,
plcc1,-10.224724,-67.270911,circle,GE_2024.09.30,158,
plcci,-10.277228,-67.134135,circle,GE_2014-01-28,75,
plcde,-10.216583,-67.177272,enclosure,GE_2015-12-31,132,114.0
plcdo,-10.249374,-67.181245,oval,GE_2021-12-26,118,98.0
plcdq,-10.203751,-67.171738,quadrangle,GE_2010-01-13,130,124.0
plcge,-10.217786,-67.273311,geoglyph,GE_2015.12.31,38,
plcov,-10.219422,-67.272203,oval,GE_2015-12-31,96,86.0
plcp2,-10.230316,-67.124168,parallelogram,GE_2010-01-13,85,
plcs1,-10.210776,-67.12902,square,GE_2015-12-31,115,
plcs2,-10.218053,-67.274211,square,GE_2014-02-01,96,
plcsq,-10.207976,-67.124422,square,GE_2010-01-13,70,
poren,-10.942275,-68.623601,enclosure,GE_2021-11-03,108,101.0
porve,-11.211496,-68.699516,enclosure,GE_2021-11-03,96,90.0
pranp,-9.306639,-67.56632,parallelogram,GE_2018-10-11,138,
puire,-9.770722,-67.312374,rectangle,GE_2024.08.19,217,210.0
purge,-8.684387,-67.422709,geoglyph,GE_2024.08.22,158,
puric,-11.108891,-67.550888,circle,GE_2017-11-05,243,
puriz,-11.115032,-67.546655,zanja,GE_2025.02.19,434,
purue,-8.630754,-67.418292,enclosure,GE_2022-05-21,238,198.0
purug,-8.662829,-67.402527,geoglyph,GE_2024.08.22,206,168.0
puruq,-8.757805,-67.450176,quadrangle,GE_2017-11-08,220,198.0
rabug,-9.837326,-66.348077,geoglyph,GE_2024.09.28,176,
ransq,-9.32054,-65.753868,square,GE_2024.07.31,246,
rantg,-9.324548,-65.749187,geoglyph,GE_2024.02.07,144,
rapuz,-13.879082,-65.513178,zanja,GE_2021-11-27,400,347.0
rbioz,-13.89258,-66.237469,zanja,GE_2022-06-17,418,256.0
rbrac,-9.844351,-67.899691,circle,GE_2021-11-03,201,
rbrae,-9.855245,-67.795624,enclosure,GE_2017-12-12,128,104.0
rbrag,-9.878831,-67.535198,geoglyph,GE_2025.11.09,138,118.0
rbrao,-9.865966,-67.542435,oval,Kalliola_2024,265,230.0
rbraq,-9.925896,-67.593563,quadrangle,lidar_Prssinen_et.al.,83,
rbrc2,-9.8993,-67.997692,circle,GE_2021-10-23,135,
rbrc3,-10.10752,-67.786113,circle,GE_2014-11-22,150,
rbrc4,-9.930763,-67.596029,circle,lidar_Prssinen_et.al.,105,
rbrci,-9.87298,-67.534413,circle,GE_2010-11-14,160,
rbrdq,-9.848813,-67.90118,quadrangle,GE_2014-01-30,340,240.0
rbrdr,-9.877652,-67.535332,rectangle,GE_2021-11-08,147,138.0
rbre1,-10.089888,-67.793162,ellipse,GE_2014-11-22,146,142.0
rbre2,-9.932999,-67.598082,enclosure,GE_2010-11-13,250,210.0
rbre3,-9.920777,-67.938653,enclosure,GE_2014-11-23,215,202.0
rbre4,-10.076558,-67.960294,enclosure,GE_2014-11-22,178,130.0
rbre5,-9.983118,-67.664702,enclosure,GE_2014-11-23,110,
rbrel,-10.075025,-67.803102,ellipse,GE_2010-01-13,150,135.0
rbrg1,-10.166294,-67.807098,geoglyph,GE_2023.08.18,104,
rbrg2,-9.966137,-67.866631,geoglyph,GE_2023.10.07_via_Peripato_et_al.,106,
rbrg3,-9.857131,-67.783136,geoglyph,GE_2025.05.02_via_IPHAN,130,
rbrge,-10.093466,-67.957092,geoglyph,GE_2022-05-05,106,
rbroe,-10.051846,-68.185247,enclosure,GE_2010-11-13,190,140.0
rbrov,-9.978006,-67.665009,oval,GE_2014-01-31,64,56.0
rbrpa,-10.000949,-67.534953,parallelogram,GE_2010-11-13,150,
rbrs1,-9.919206,-67.94382,square,GE_2021-11-07,133,
rbrsq,-9.875281,-67.534505,square,GE_2010-11-14,200,
ribez,-10.976089,-66.017792,zanja,GE_2017.01.10,224,180.0
rioen,-9.576498,-67.723058,enclosure,GE_2014-11-23,142,
riog1,-9.584876,-67.715807,geoglyph,GE_2025.11.07,172,136.0
rioge,-9.568286,-67.714108,geoglyph,GE_2021-12-26,251,
riohe,-9.61011,-67.770908,hexagon,GE_2021-12-26,490,295.0
rioov,-9.623214,-67.792422,oval,GE_2010-01-13,185,135.0
riopa,-9.62124,-67.758585,parallelogram,GE_2021-12-26,175,
rioqu,-9.550691,-67.699758,quadrangle,GE_2021-12-26,114,102.0
riore,-9.580854,-67.715739,rectangle,GE_2021-12-26,163,151.0
riosq,-9.576969,-67.724854,square,GE_2021-12-21,180,
riozr,-9.568595,-67.71394,rectangle,GE_2024.11.09,98,64.0
rjeqq,-9.343259,-65.662993,quadrangle,GE_2024.07.31,176,151.0
rjequ,-9.34176,-65.656118,quadrangle,GE_2024.07.31,150,140.0
rmamg,-10.48018,-66.836335,geoglyph,GE_2021-11-20,166,
ronci,-9.714022,-65.701465,circle,GE_2024.07.31,87,
ronde,-9.864814,-66.42536,enclosure,GE_2024.08.25,110,102.0
rondg,-9.685618,-66.404361,pentagon,GE_2024.11.20,192,
rondo,-11.90703,-63.173113,zanja,GE_2021-11-30,430,420.0
rondp,-9.506406,-65.646423,parallelogram,GE_2024.07.31,260,
rondq,-9.643157,-65.900987,quadrangle,pro_jpg,161,146.0
rondz,-11.892585,-62.33438,zanja,GE_2021-11-25,296,248.0
ronen,-9.53885,-65.972912,enclosure,zoom_jpg,130,
rong1,-9.84573,-66.383307,enclosure,GE_2014-11-05,176,
rong10,-9.743861,-65.957185,geoglyph,GE_2021-11-10,114,
rong11,-9.819818,-66.348559,geoglyph,GE_2021-11-16,114,
rong12,-9.634958,-66.048217,geoglyph,pro_jpg,166,
rong13,-9.782723,-66.033628,geoglyph,pro_jpg,268,220.0
rong14,-9.766698,-65.607122,geoglyph,pro_jpg,166,
rong15,-9.775687,-66.044696,geoglyph,GE_2021-12-26,215,
rong16,-9.781601,-66.433087,geoglyph,GE_2023.10.17,153,
rong17,-9.532939,-66.150871,geoglyph,GE_2024.02.11,82,
rong18,-9.759839,-65.971975,geoglyph,pro_png,232,194.0
rong19,-9.484938,-65.541214,geoglyph,GE_2024.07.31,119,113.0
rong2,-9.811725,-66.344031,quadrangle,GE_2014-11-04,205,
rong20,-9.600742,-66.256138,geoglyph,GE_2024.08.24,141,
rong21,-9.738375,-66.50143,geoglyph,GE_2024.08.25,152,140.0
rong22,-9.840978,-66.358046,geoglyph,GE_2024.08.25,232,
rong23,-9.836319,-66.358329,geoglyph,GE_2024.08.25,280,
rong24,-9.712894,-66.305966,geoglyph,GE_2024.09.03,100,
rong25,-9.872533,-66.641758,geoglyph,GE_2024.09.22,226,
rong26,-9.774023,-66.418465,geoglyph,Kalliola_2024,227,
rong27,-9.746148,-66.033174,geoglyph,GE_2024.09.24,195,170.0
rong28,-9.692092,-66.598326,geoglyph,Kalliola_2024,172,150.0
rong29,-9.48449,-65.500973,geoglyph,GE_2024.11.12,127,123.0
rong3,-9.811574,-66.346636,quadrangle,GE_2014-11-05,180,
rong30,-9.879497,-66.568825,geoglyph,Kalliola_2024,324,308.0
rong4,-9.807796,-66.311014,quadrangle,GE_2024.08.24,116,
rong5,-9.807119,-66.317684,geoglyph,GE_2025.03.20,238,
rong6,-9.833463,-66.340747,geoglyph,GE_2024.08.25,180,152.0
rong7,-9.745516,-66.32595,geoglyph,GE_2024.08.24,184,169.0
rong8,-9.773878,-66.669477,geoglyph,GE_2021-11-05,154,
rong9,-9.74457,-66.031509,geoglyph,GE_2021-11-10,208,
ronge,-9.861705,-66.426563,geoglyph,GE_2024.08.25,432,
rono1,-9.773876,-66.038996,oval,pro_jpg,320,254.0
rono2,-10.054642,-63.901805,oval,GE_2023.10.07_via_Peripato_et_al.,68,60.0
rono3,-9.766359,-65.982845,oval,pro_png,343,279.0
rono4,-9.767131,-66.665726,oval,GE_2024.02.18,61,54.0
rono5,-9.84827,-66.40629,oval,GE_2024.08.25,88,65.0
rono6,-9.744914,-66.361008,oval,GE_2024.08.25,118,94.0
ronov,-9.522187,-65.888921,oval,zoom_jpg,116,109.0
ronp1,-9.820541,-66.344225,parallelogram,GE_2024.08.25,174,170.0
ronp2,-9.776126,-66.415824,parallelogram,GE_2014-11-04,190,
ronp3,-9.664012,-66.369877,parallelogram,GE_2014-11-05,94,
ronp4,-9.511414,-65.641799,parallelogram,GE_2024.07.31,129,124.0
ronq1,-9.738101,-66.199577,quadrangle,GE_2014-11-05,178,130.0
ronq10,-9.54011,-66.166317,quadrangle,GE_2024.01.07,176,
ronq11,-9.59114,-66.155899,square,GE_2024.11.12,198,
ronq12,-9.492395,-66.04025,quadrangle,GE_2021-11-24,155,
ronq13,-9.773185,-66.047078,quadrangle,pro_jpg,305,287.0
ronq14,-9.875977,-66.651647,quadrangle,GE_2021-11-26,256,224.0
ronq15,-9.786782,-66.419474,quadrangle,GE_2021-11-26,237,226.0
ronq16,-8.775653,-64.119251,quadrangle,GE_2023.08.20,138,
ronq17,-9.698526,-66.412626,quadrangle,GE_2024.01.06,218,208.0
ronq18,-9.659619,-66.510533,quadrangle,GE_2024.01.06,191,182.0
ronq19,-9.510571,-66.044178,quadrangle,GE_2024.01.07,224,204.0
ronq2,-9.758814,-66.696489,quadrangle,GE_2021-11-05,200,183.0
ronq20,-9.73971,-65.961545,quadrangle,pro_png,267,170.0
ronq21,-9.496503,-65.636813,quadrangle,GE_2024.07.31,176,144.0
ronq22,-9.49169,-65.554521,quadrangle,GE_2024.07.31,163,
ronq23,-9.670472,-66.381006,quadrangle,GE_2024.08.24,140,
ronq24,-9.673904,-66.376485,quadrangle,GE_2024.08.24,173,
ronq25,-9.622635,-66.31914,quadrangle,GE_2024.08.24,193,161.0
ronq26,-9.747756,-66.33746,quadrangle,GE_2024.08.24,208,91.0
ronq27,-9.842958,-66.428329,quadrangle,GE_2024.08.25,174,164.0
ronq28,-9.85872,-66.405189,quadrangle,GE_2024.08.25,144,
ronq29,-9.747162,-66.336973,quadrangle,Kalliola_2024,162,69.0
ronq3,-9.806479,-66.342001,quadrangle,GE_2016-02-15,192,180.0
ronq30,-9.781337,-65.845216,quadrangle,GE_2025.07.10,139,
ronq4,-9.655864,-66.507749,quadrangle,GE_2021-10-17,153,
ronq5,-9.622404,-66.330937,quadrangle,GE_2021-10-26,160,
ronq6,-9.758764,-66.699893,quadrangle,GE_2021-11-05,158,154.0
ronq7,-9.760488,-66.673668,quadrangle,GE_2021-11-05,160,153.0
ronq8,-9.703334,-66.661861,quadrangle,GE_2021-11-05,100,
ronq9,-9.62063,-66.493099,quadrangle,GE_2024.01.07,120,112.0
ronqu,-9.770133,-66.419438,quadrangle,GE_2014-11-05,120,
ronr1,-9.808688,-66.321483,rectangle,GE_2014-11-05,245,200.0
ronr2,-9.801651,-66.319149,rectangle,GE_2014-11-05,244,128.0
ronr3,-9.727152,-66.312114,rectangle,GE_2014-11-05,150,65.0
ronr4,-9.510579,-66.044201,rectangle,GE_2022-05-21,224,204.0
ronr5,-9.794352,-66.635381,rectangle,GE_2016-02-15,430,
ronr6,-9.791414,-66.607153,rectangle,GE_2021-10-26,139,87.0
ronr7,-9.763834,-66.73213200000001,rectangle,GE_2021-11-05,137,121.0
ronr8,-9.805327,-66.653876,rectangle,GE_2021-11-09,62,48.0
ronr9,-9.742978,-66.103785,rectangle,GE_2024.01.07,164,122.0
ronre,-9.809725,-66.34437,rectangle,GE_2014-11-04,156,106.0
rons1,-9.79223,-66.637103,square,GE_2014-11-12,194,
rons10,-9.511442,-65.935286,square,pro_jpg,232,
rons2,-9.790051,-66.550203,square,GE_2014-11-05,140,
rons3,-9.798657,-66.320268,square,GE_2014-11-05,196,
rons4,-9.582068,-66.256438,square,GE_2021-12-21,190,
rons5,-9.649737,-66.173685,geoglyph,GE_2024.11.12,193,130.0
rons6,-9.769945,-66.673392,square,GE_2021-11-05,236,
rons7,-9.536978,-65.962069,square,zoom_jpg,202,
rons8,-9.56635,-65.894678,square,zoom_jpg,142,
rons9,-9.677747,-65.665414,square,pro_jpg,167,
ronsq,-9.721216,-66.12622,square,GE_2022-05-21,200,
ronz1,-11.890057,-62.302788,zanja,GE_2021-11-25,227,182.0
ronz10,-12.247395,-64.218242,zanja,GE_2021-11-25,320,308.0
ronz11,-11.570539,-62.595025,zanja,GE_2021-11-26,209,180.0
ronz12,-11.799918,-62.714379,zanja,GE_2021-11-26,268,206.0
ronz13,-10.274818,-62.599948,zanja,GE_2021-11-26,320,
ronz14,-12.169769,-63.641238,zanja,GE_2021-11-27,246,168.0
ronz15,-12.268653,-64.363502,zanja,GE_2021-11-27,176,
ronz16,-12.108445,-64.328716,zanja,GE_2021-11-27,370,
ronz17,-12.285435,-64.316891,zanja,GE_2021-11-27,250,234.0
ronz18,-12.2008,-64.158465,zanja,GE_2021-11-27,324,
ronz19,-12.225193,-64.155124,zanja,GE_2021-11-27,224,
ronz2,-11.868295,-63.145907,zanja,GE_2021-11-25,276,248.0
ronz20,-11.887843,-63.692175,zanja,GE_2021-11-29,157,
ronz21,-12.056394,-63.513955,circle,GE_2021-11-29,295,
ronz22,-12.080406,-63.708517,zanja,GE_2021-11-29,188,174.0
ronz23,-12.162417,-63.639739,zanja,GE_2021-11-29,200,
ronz24,-12.17845,-63.470448,zanja,GE_2021-11-29,372,288.0
ronz25,-12.091519,-63.438457,zanja,GE_2021-11-29,277,242.0
ronz26,-12.158582,-63.362795,zanja,GE_2023.09.18,390,294.0
ronz27,-12.017773,-63.186408,zanja,GE_2021-11-30,322,
ronz28,-12.238351,-63.42747,zanja,GE_2021-11-30,600,
ronz29,-11.94012,-63.014255,zanja,GE_2021-11-30,331,310.0
ronz3,-11.984187,-63.315412,zanja,GE_2021-11-25,360,330.0
ronz30,-11.859825,-62.85651,zanja,GE_2021-11-30,270,240.0
ronz31,-12.311626,-64.278918,zanja,GE_2021-11-30,131,98.0
ronz32,-12.266197,-64.284316,zanja,GE_2021-11-30,241,220.0
ronz33,-11.84642,-63.23434,zanja,GE_2021-11-30,368,
ronz34,-11.884223,-63.121337,zanja,GE_2021-11-30,390,300.0
ronz35,-11.936852,-62.991489,zanja,GE_2021-12-01,250,
ronz36,-11.927721,-63.057116,zanja,GE_2021-12-01,372,276.0
ronz37,-11.990213,-63.070552,zanja,GE_2021-12-01,318,
ronz38,-12.161569,-63.008565,zanja,GE_2021-12-01,360,
ronz39,-11.991614,-63.009618,zanja,GE_2021-12-01,272,
ronz4,-11.933248,-63.402967,zanja,GE_2021-11-25,320,293.0
ronz40,-11.791251,-62.759465,zanja,GE_2021-12-01,387,360.0
ronz41,-11.854086,-62.654137,zanja,GE_2021-12-01,250,165.0
ronz42,-11.957383,-62.416423,zanja,GE_2023.09.08,466,230.0
ronz43,-11.990534,-62.412823,zanja,GE_2021-12-01,329,280.0
ronz44,-11.894067,-62.391224,zanja,GE_2023.10.08,208,200.0
ronz45,-11.260437,-62.107944,zanja,GE_2021-12-02,240,
ronz46,-11.643777,-62.149972,zanja,GE_2021-12-06,200,165.0
ronz47,-12.164048,-62.382609,zanja,GE_2021-12-06,267,242.0
ronz48,-12.065745,-62.167008,zanja,GE_2022-05-07,280,
ronz49,-11.805159,-61.810228,zanja,GE_2022-05-07,166,114.0
ronz5,-11.948062,-63.453142,zanja,GE_2021-11-25,264,
ronz50,-11.639885,-62.110446,zanja,GE_2022-05-07,180,130.0
ronz51,-11.740183,-62.235495,zanja,GE_2023.08.15,208,168.0
ronz52,-12.448068,-64.241856,zanja,GE_2023.04.02,285,280.0
ronz53,-12.353978,-64.235054,zanja,GE_2023.04.02,186,130.0
ronz54,-12.191668,-63.430335,zanja,GE_2023.04.02,450,240.0
ronz55,-12.223174,-63.431352,zanja,GE_2023.04.02,580,360.0
ronz56,-12.05975,-63.475963,zanja,GE_2023.04.03,309,
ronz57,-12.277927,-63.447655,zanja,GE_2023.04.03,686,
ronz58,-12.102336,-63.495522,zanja,GE_2023.04.03,477,180.0
ronz59,-12.415935,-64.159848,zanja,GE_2023.08.19,715,
ronz6,-12.058255,-63.520596,zanja,GE_2023.08.19,326,256.0
ronz60,-12.20714,-62.231561,zanja,GE_2023.08.20,236,228.0
ronz61,-12.233273,-63.861882,zanja,GE_2023.09.21,184,160.0
ronz62,-10.707147,-62.267639,zanja,GE_2023.10.07_via_Peripato_et_al.,80,70.0
ronz63,-12.022444,-62.253242,zanja,GE_2023.10.08_via_Peripato_et_al.,202,156.0
ronz64,-12.165404,-62.329678,zanja,GE_2023.10.08_via_Peripato_et_al.,244,211.0
ronz65,-12.184886,-62.317043,zanja,GE_2023.10.08_via_Peripato_et_al.,217,196.0
ronz66,-13.022046,-62.369945,zanja,GE_2023.10.08_via_Peripato_et_al.,600,424.0
ronz67,-13.038465,-62.345774,zanja,GE_2023.10.08_via_Peripato_et_al.,350,285.0
ronz68,-12.065663,-62.16725,zanja,GE_2023.10.10,286,218.0
ronz69,-12.191118,-62.287881,zanja,GE_2024.01.11,241,203.0
ronz7,-12.117686,-63.486657,zanja,GE_2023.04.03,567,454.0
ronz70,-11.741457,-62.563753,zanja,GE_2024.07.22,183,167.0
ronz71,-11.944362,-63.022052,zanja,GE_2024.07.22,170,
ronz72,-12.039316,-62.965717,zanja,GE_2024.07.22,504,
ronz73,-12.100053,-63.458192,zanja,GE_2024.07.24,300,
ronz74,-12.141163,-63.463069,zanja,GE_2024.07.24,450,290.0
ronz75,-12.135155,-63.517873,zanja,GE_2024.07.24,490,
ronz76,-12.214416,-63.537568,zanja,GE_2024.07.24,386,
ronz77,-12.227881,-63.503781,zanja,GE_2024.07.24,600,420.0
ronz78,-12.118334,-63.874799,zanja,GE_2024.07.24,302,
ronz79,-11.929247,-63.309805,zanja,GE_2024.07.24,290,
ronz8,-12.152114,-63.502908,zanja,GE_2021-11-25,326,
ronz80,-11.928709,-63.281042,zanja,GE_2024.07.24,324,
ronz81,-12.029036,-63.296899,zanja,GE_2024.07.24,250,
ronz82,-11.916774,-63.001706,zanja,GE_2024.07.24,183,
ronz83,-11.846867,-62.551233,zanja,GE_2024.07.25,210,180.0
ronz84,-11.99789,-63.100506,zanja,GE_2024.08.30,287,225.0
ronz85,-12.027881,-63.168791,zanja,GE_2024.08.30,430,340.0
ronz86,-12.313908,-63.430046,zanja,GE_2024.08.30,272,220.0
ronz87,-11.930814,-63.344569,zanja,GE_2024.08.30,470,
ronz88,-11.931412,-63.328553,zanja,GE_2024.08.30,372,314.0
ronz89,-11.936956,-63.14474,zanja,GE_2025.02.09,310,
ronz9,-12.124633,-63.831225,zanja,GE_2021-11-25,260,244.0
ronz90,-12.011656,-63.21474,zanja,GE_2025.02.09,365,
ronz91,-12.142267,-63.097492,zanja,GE_2025.02.10,490,
ronz92,-11.961785,-63.992775,zanja,GE_2025.07.08,320,236.0
ronz93,-12.894613,-62.23925,zanja,GE_2025.07.08,608,
ronz94,-12.894696,-62.2604,zanja,GE_2025.07.08,537,
ronz95,-12.242221,-63.697998,zanja,GE_2025.09.05,267,
ronza,-12.163696,-64.431908,zanja,GE_2023.09.29,472,427.0
rparq,-9.787346,-67.339496,quadrangle,GE_2017-11-08,237,230.0
rparr,-9.786844,-67.342334,rectangle,GE_2017-11-08,120,117.0
rpars,-9.789017,-67.343777,square,GE_2023.09.14,216,
rribz,-10.330147,-64.948719,zanja,GE_2024.09.08,272,
salci,-10.412425,-67.471096,circle,GE_2025.11.07,166,
salo1,-10.412334,-67.469792,oval,GE_2021-11-25,78,73.0
salov,-10.411692,-67.468867,oval,GE_2021-11-25,186,168.0
salvo,-10.452099,-67.447875,oval,Kalliola_2024,136,126.0
salvz,-14.88406,-64.486585,zanja,GE_2021-12-13,272,240.0
sanaz,-14.03933,-66.114706,zanja,GE_2022-12-06,225,
sfraz,-13.779106,-65.461607,zanja,GE_2018-01-03,116,
sgaen,-10.265453,-67.06337,enclosure,GE_2014-02-01,240,
sgaov,-10.270044,-67.071244,oval,GE_2014-11-25,114,104.0
sguci,-10.191125,-67.721654,circle,GE_2011-03-02,200,
sgue1,-10.167573,-67.738687,enclosure,GE_2024.01.06,102,90.0
sgue2,-10.187266,-67.719965,enclosure,GE_2014-01-29,75,
sguen,-10.190599,-67.725365,enclosure,GE_2014-01-29,80,
sguge,-10.186361,-67.728422,geoglyph,GE_2024.09.22,150,141.0
sguov,-10.186363,-67.728399,oval,GE_2024.01.06,160,140.0
sguqu,-10.187376,-67.72149,quadrangle,GE_2021-12-21,227,200.0
sjoag,-10.568896,-69.385426,geoglyph,Kalliola_2024,190,
sjoci,-10.194356,-67.540508,circle,GE_2022-05-05,48,
sjoen,-10.193854,-67.540249,enclosure,Kalliola_2024,84,68.0
sjoov,-10.180752,-67.530554,oval,GE_2014-01-26,180,
sjoq1,-10.206795,-67.546917,quadrangle,GE_2024.01.05,70,
sjoqu,-10.206985,-67.548005,quadrangle,GE_2024.01.05,90,80.0
sjosq,-10.181101,-67.52811,square,GE_2014-01-30,150,
sjuc1,-10.597236,-67.996649,circle,GE_2014-01-29,112,
sjuc10,-10.616877,-67.884945,circle,GE_2022-05-05,87,
sjuc2,-10.602077,-67.917713,enclosure,GE_2014-01-29,180,
sjuc3,-10.76423,-68.231831,circle,GE_2014-11-29,126,
sjuc4,-10.623129,-67.876331,circle,GE_2014-01-29,145,
sjuc5,-10.656536,-68.094727,circle,GE_2025.08.21,90,
sjuc6,-10.70235,-68.169192,enclosure,GE_2014-01-27,200,
sjuc7,-10.61017,-67.906118,circle,GE_2015.12.31,90,
sjuc8,-10.871822,-68.21465,circle,GE_2017-11-14,124,
sjuc9,-10.60462,-67.917537,circle,GE_2025.06.30,140,
sjudc,-10.588977,-67.969125,circle,GE_2014-01-29,320,
sjude,-10.603583,-67.912302,enclosure,GE_2014-01-29,180,170.0
sjudg,-10.586335,-67.947591,geoglyph,GE_2025.11.06,103,62.0
sjudo,-10.672028,-68.141506,oval,GE_2023.10.08,95,70.0
sjudq,-10.538986,-68.03159,quadrangle,GE_2021-12-22,115,100.0
sjue1,-10.614976,-68.041123,enclosure,GE_2024.02.03,258,242.0
sjue2,-10.182272,-67.706383,enclosure,GE_2014-01-30,74,68.0
sjue3,-10.713346,-68.179307,ellipse,GE_2014-01-29,210,195.0
sjue4,-10.708268,-68.17217,ellipse,GE_2014-01-27,142,128.0
sjue5,-10.672028,-68.141506,enclosure,GE_2021-11-19,95,70.0
sjuel,-10.766464,-68.185284,ellipse,GE_2014-11-29,194,184.0
sjuen,-10.702788,-68.158306,oval,GE_2014-11-12,305,260.0
sjuo1,-10.873811,-68.219232,oval,GE_2023.10.08_via_Peripato_et_al.,124,108.0
sjuo10,-10.585743,-67.923339,oval,Kalliola_2024,92,74.0
sjuo11,-10.616213,-68.080032,oval,GE_2025.07.21,156,136.0
sjuo2,-10.667662,-68.141789,oval,GE_2014-11-12,120,90.0
sjuo3,-10.677954,-68.152711,oval,GE_2025.07.21,73,70.0
sjuo4,-10.683844,-68.147229,oval,GE_2025.07.21,147,116.0
sjuo5,-10.587778,-67.97657,oval,GE_2014-11-29,230,184.0
sjuo6,-10.683988,-68.148231,oval,GE_2022-11-22_via_R._Walker,130,
sjuo7,-10.765471,-68.18074,oval,GE_2014-11-29,160,134.0
sjuo8,-10.770799,-68.227896,oval,GE_2016-02-15,245,192.0
sjuo9,-10.620052,-68.075332,oval,GE_2023.08.15,131,102.0
sjuov,-10.759329,-68.188311,oval,GE_2014-11-12,216,184.0
slorz,-15.514862,-65.682168,zanja,GE_2021-12-13,1015,660.0
sloug,-11.136675,-68.517995,geoglyph,GE_2021-11-03,138,72.0
sluen,-9.725179,-66.668391,enclosure,GE_2024.01.07,128,104.0
sluip,-9.770849,-66.593214,parallelogram,GE_2021-11-19,298,278.0
sluiq,-9.7594,-66.625111,quadrangle,GE_2014-11-19,132,124.0
sluq1,-9.717825,-66.612255,quadrangle,GE_2021-10-26,150,
sluq2,-9.774485,-66.598848,quadrangle,zoom_jpg,181,150.0
sluqu,-9.713706,-66.666394,quadrangle,GE_2024.02.18,94,90.0
slusq,-9.722011,-66.666612,quadrangle,GE_2024.02.18,184,
smac1,-10.672381,-67.691602,circle,GE_2021-10-29,75,
smaci,-10.661786,-67.636688,circle,GE_2021-10-29,100,
smadc,-9.105358,-68.723519,circle,GE_2023.10.06_via_Peripato_et_al.,46,
smadg,-9.099323,-68.71307,geoglyph,GE_2022-12-06,364,
smado,-9.143368,-68.729146,oval,GE_2025.04.29_via_IPHAN,145,121.0
smao1,-10.670881,-67.692172,oval,GE_2021-10-29,110,103.0
smaro,-10.671009,-67.691089,oval,GE_2025.02.08,260,200.0
smarz,-13.279335,-63.670814,zanja,GE_2021-11-27,136,
smaza,-15.138495,-64.393349,zanja,GE_2021-12-13,600,480.0
smigz,-12.158764,-63.110944,zanja,GE_2021-12-01,500,295.0
spabz,-13.879038,-65.513231,zanja,GE_2018-01-03,360,335.0
srite,-10.698942,-69.170819,enclosure,GE_2025.08.31,27,23.0
sritg,-11.132752,-67.986205,geoglyph,GE_2025.09.16,114,101.0
srito,-10.820712,-69.183135,oval,GE_2025.08.31,361,309.0
sritz,-11.985091,-67.357812,zanja,GE_2022-11-28,293,259.0
sroc1,-10.587891,-67.59119,circle,GE_2021-10-22,112,
sroc2,-10.586969,-67.589766,circle,GE_2021-10-22,75,
sroc3,-10.620065,-67.571114,circle,zoom_jpg,242,
sroc4,-10.620904,-67.572148,circle,GE_2021-11-19,100,
srosc,-10.622264,-67.580516,circle,GE_2021-10-22,205,
srosg,-10.628758,-67.44088,geoglyph,GE_2021-11-20,160,
srosq,-10.625108,-67.581158,quadrangle,GE_2024.02.05,162,107.0
srosz,-15.052531,-64.123985,zanja,GE_2022-06-03,170,120.0
sxapu,-10.676049,-68.557973,geoglyph,GE_2025.07.01,157,
tahue,-11.229391,-68.346348,enclosure,GE_2022-05-21,218,
tahug,-11.227792,-68.528371,geoglyph,GE_2021-11-03,186,
tahuo,-11.882684,-69.025306,oval,GE_2024.01.09,68,61.0
tambe,-12.552751,-69.146574,enclosure,GE_2016-02-18,400,220.0
tocae,-8.946814,-67.193667,enclosure,GE_2018-10-11,258,178.0
tocag,-8.958808,-67.282551,geoglyph,GE_2023.12.27,142,94.0
tocaq,-8.96968,-67.253891,quadrangle,GE_2018-10-11,240,230.0
tocas,-8.96314,-67.248042,square,GE_2018-10-11,242,
tocge,-8.965316,-67.237733,geoglyph,GE_2021.11.18,250,
tocss,-8.966339,-67.241391,square,GE_2018-10-11,110,
tric1,-10.373817,-67.430585,circle,GE_2021-12-22,70,
tric2,-10.327613,-67.582653,circle,GE_2021-11-09,54,
trici,-10.324108,-67.539095,circle,GE_2017-11-14,85,
trien,-10.271224,-67.543609,enclosure,GE_2022-05-05,107,97.0
trig1,-10.306769,-67.500549,enclosure,GE_2021-12-22,83,70.0
trig2,-10.307546,-67.501193,enclosure,GE_2014-11-16,78,72.0
trig3,-10.308491,-67.50114,circle,GE_2021-12-22,63,
trig4,-10.374296,-67.428823,geoglyph,GE_2021-12-22,84,75.0
trig5,-10.335818,-67.508758,geoglyph,GE_2023.10.07_via_Peripato_et_al.,172,
trig6,-10.308839,-67.500404,geoglyph,GE_2024.10.04,96,58.0
trige,-10.306417,-67.499591,enclosure,GE_2014-11-16,92,80.0
trio2,-10.268944,-67.53422,oval,GE_2014-01-31,110,88.0
trio3,-10.266783,-67.535693,oval,GE_2014-01-31,118,110.0
trio4,-10.335041,-67.531737,oval,GE_2021-11-09,64,56.0
trio5,-10.324736,-67.509032,oval,GE_2017-11-14,71,61.0
trio6,-10.321467,-67.547653,oval,GE_2021-11-11,94,83.0
triov,-10.298479,-67.557093,oval,GE_2014-01-31,65,60.0
tripa,-10.318696,-67.558295,parallelogram,GE_2014-01-31,160,
triq1,-10.372867,-67.428516,quadrangle,GE_2020-01-15,96,84.0
triq2,-10.372024,-67.417703,quadrangle,GE_2021-12-22,88,67.0
triq3,-10.372304,-67.419442,quadrangle,GE_2021-12-22,50,47.0
triq4,-10.336995,-67.405241,quadrangle,zoom_jpg,118,111.0
triq5,-10.327782,-67.540803,quadrangle,GE_2022-05-21,75,71.0
triq6,-10.364545,-67.416058,quadrangle,GE_2023.07.04,96,90.0
triq7,-10.306946,-67.499549,quadrangle,GE_2024.09.30,45,40.0
tris1,-10.371112,-67.418861,square,GE_2021-12-22,54,
trisq,-10.378195,-67.419351,square,GE_2021-12-22,157,
triuc,-10.329039,-67.54235,circle,GE_2021-10-29,190,
triug,-10.37337,-67.429748,geoglyph,GE_2021-11-19,156,138.0
triuq,-10.360685,-67.334271,quadrangle,GE_2023.09.15,196,185.0
tuchz,-11.145879,-66.159941,zanja,GE_2021-12-29,820,760.0
tvert,-9.741728,-67.069872,quadrangle,GE_2025.06.28,199,170.0
ultiq,-10.155643,-66.90851,quadrangle,GE_2022-12-01,120,108.0
valci,-9.588956,-65.778953,circle,GE_2021-11-07,106,
valds,-9.372015,-65.733832,square,zoom_jpg,375,
valeg,-9.621704,-65.804142,geoglyph,GE_2024.08.25,187,150.0
valg1,-9.217061,-65.757004,geoglyph,GE_2025.07.23,125,
valge,-9.282424,-65.725596,geoglyph,GE_2024.07.31,83,57.0
valoc,-9.39279,-65.896678,octagon,GE_2025.08.21,155,
valov,-9.193964,-65.708961,oval,GE_2024.07.31,460,
valpa,-9.190017,-65.700786,parallelogram,GE_2024.07.31,173,
valq1,-9.570934,-65.764301,quadrangle,GE_2021-11-06,107,
valq2,-9.636368,-65.696669,quadrangle,GE_2021-11-07,132,
valqu,-9.427216,-65.758032,quadrangle,GE_2024.07.31,97,94.0
vals1,-9.19647,-65.704847,square,GE_2024.07.31,195,
valsq,-9.615708,-65.730671,square,GE_2021-11-06,120,
vcotz,-16.663344,-62.893929,zanja,GE_2022-06-05,400,302.0
vecrg,-11.301088,-69.127146,geoglyph,GE_2021-11-03,72,58.0
venec,-11.115281,-66.787513,circle,GE_2022-11-28_via_A._Olmeda,149,
vilae,-9.74036,-67.728898,enclosure,GE_2021-10-29,133,102.0
vildr,-9.734407,-67.70478,rectangle,GE_2014-11-23,168,158.0
vilp1,-9.741792,-67.705734,parallelogram,GE_2014-11-23,142,
vilpa,-9.737184,-67.707194,parallelogram,GE_2014-11-23,234,
vilre,-9.680236,-67.76224,rectangle,GE_2014-02-02,142,96.0
xapc1,-10.666676,-68.314621,circle,GE_2021-10-29,80,
xapc2,-10.668832,-68.333803,circle,GE_2021-12-18,80,
xapc3,-10.793486,-68.491577,circle,Kalliola_2024,70,
xapde,-10.693703,-68.422105,enclosure,GE_2015-05.06,124,95.0
xape1,-10.780075,-68.443805,enclosure,GE_2015-11-25,74,68.0
xape2,-10.668473,-68.314988,enclosure,GE_2021-10-29,240,170.0
xape3,-10.669395,-68.314123,enclosure,GE_2021-10-29,108,82.0
xape4,-10.683486,-68.36823,enclosure,GE_2021-11-04,62,56.0
xape5,-10.640342,-68.326178,enclosure,GE_2021-11-04,73,56.0
xape6,-10.783029,-68.445554,enclosure,GE_2023.08.15,137,98.0
xapen,-10.783565,-68.371012,enclosure,GE_2014-01-27,340,
xapg1,-10.808371,-68.37373,geoglyph,GE_2025.07.18,502,360.0
xapge,-10.82894,-68.432014,geoglyph,GE_2025.07.01,360,320.0
xapo1,-10.830328,-68.469895,oval,GE_2021-12-18,170,165.0
xapo2,-10.555644,-68.549583,oval,GE_2015-04-29,190,155.0
xapo3,-10.676098,-68.408027,oval,GE_2021-12-22,48,38.0
xapo4,-10.716434,-68.410682,oval,GE_2021-10-29,68,64.0
xapo5,-10.773095,-68.362429,oval,GE_2021-11-04,61,56.0
xapo6,-10.788248,-68.280513,oval,GE_2021-11-04,128,118.0
xapo7,-10.785848,-68.278669,oval,GE_2021-11-04,75,66.0
xapo8,-10.787647,-68.281993,oval,GE_2021-11-04,71,61.0
xapo9,-10.668901,-68.267687,oval,GE_2021-11-04,68,59.0
xapov,-10.783094,-68.451786,oval,GE_2015-04-29,210,180.0
xapqu,-10.776136,-68.446078,quadrangle,GE_2015-11-25,70,64.0
xapre,-10.668041,-68.332261,rectangle,GE_2021-12-18,140,90.0
yacuq,-13.991946,-66.083069,quadrangle,GE_2017-11-08,152,142.0
yacuz,-13.993799,-66.080735,zanja,GE_2017-11-08,256,228.0
yacz1,-13.949672,-66.004148,zanja,GE_2021-11-27,169,161.0
zagra,-13.641911,-63.655486,zanja,GE_2021-12-14,298,285.0
zalgr,-13.633812,-63.655574,zanja,GE_2012-05-03,250,230.0
zapun,-13.938529,-65.416796,zanja,GE_2018-01-03,400,
zcal1,-13.297143,-63.555116,zanja,Prmers_LiDAR,227,196.0
zcal2,-13.30138,-63.562941,zanja,Prmers_LiDAR,247,209.0
zcali,-13.296237,-63.560094,zanja,GE_2016.02.28,270,230.0
zchi3,-13.740394,-63.466371,zanja,Erickson_et.al._2008,1327,810.0
zchio,-13.724011,-63.488135,oval,GE_2016-01-04,290,265.0
zchip,-13.723533,-63.487886,zanja,GE_2021-12-14,1060,640.0
zchun,-13.187075,-64.21959,zanja,GE_2021-11-27,204,175.0
zcmer,-13.691059,-63.436716,zanja,"Erickson,_et.al._2008",,
zesta,-13.707714,-65.451495,zanja,GE_2016.03.20,160,
zesta,-13.707714,-65.451495,zanja,GE_2016.03.20,,
zhuac,-13.606066,-63.880934,zanja,GE_2022-05-06,215,165.0
zpar1,-13.76803,-63.384444,zanja,GE_2012-05-03,1100,806.0
zpcha,-13.104864,-63.752574,zanja,GE_2021-11-27,187,
zporv,-13.288349,-63.542557,zanja,GE_2021-11-27,335,
zreco,-13.788338,-63.811463,zanja,GE_2021-12-18,120,102.0
zsbor,-12.663257,-64.077537,zanja,GE_2021-11-27,200,
zsfra,-12.851266,-62.903237,zanja,GE_2021-11-08,669,214.0
zsjoa,-13.380417,-63.522428,zanja,GE_2021-11-27,352,284.0
zsjua,-13.648809,-63.671969,zanja,pro_jpg,224,
zsma1,-13.685006,-63.704462,zanja,GE_2021-12-18,188,178.0
zsma2,-13.701595,-63.700922,zanja,GE_2021-12-14,150,134.0
zsram,-12.598056,-64.129533,zanja,GE_2021-11-27,202,189.0
aparz,-9.723891,-57.172864,zanja,GE_2021-12-08,248,216.0
apiaz,-9.179501,-57.423948,zanja,GE_2021-12-08,272,
apiza,-9.227699,-57.700995,zanja,GE_2021-12-11,205,155.0
aripz,-9.350001,-59.322632,zanja,GE_2021-12-09,403,338.0
banc2,-9.872272,-57.771532,circle,GE_2018-03-27,124,
bandc,-9.822124,-57.755705,circle,GE_2021-12-09,145,
bandz,-9.81326,-57.8213,zanja,GE_2018-03-27,180,
banz1,-9.87108,-57.887266,zanja,GE_2021-12-09,200,168.0
cortc,-10.051199,-58.575564,circle,GE_2021-12-09,59,
cujuz,-9.109829,-62.635213,zanja,GE_2022-05-03,232,
japuz,-10.160473,-57.937373,zanja,GE_2021-12-08,142,129.0
jurc1,-10.269182,-58.542458,circle,GE_2021-12-09,57,
juruc,-10.753539,-58.441544,circle,GE_2021-12-09,40,
juruz,-9.414981,-58.232578,zanja,GE_2021-12-08,136,
magrz,-9.704701,-57.877151,zanja,GE_2018-03-28,268,182.0
mgrc1,-9.365031,-59.240452,circle,GE_2018-03-27,80,
mgrc2,-9.243021,-58.856619,circle,GE_2021-12-10,50,
mgrc3,-9.241629,-58.859148,circle,GE_2021-12-10,52,
mgrc4,-9.846703,-59.80748,circle,GE_2021-12-10,68,
mgrc5,-9.613942,-60.200885,circle,GE_2021-12-10,66,
mgrc6,-9.924597,-58.512456,circle,GE_2021-12-10,40,
mgrc7,-9.281117,-58.904373,circle,GE_2021-12-10,55,
mgrc8,-9.32317,-58.895916,circle,GE_2021-12-10,52,
mgrc9,-9.302718,-59.09868,circle,GE_2021-12-10,50,
mgro1,-9.426899,-59.750045,oval,GE_2021-12-10,113,106.0
mgro2,-9.244747,-58.857711,oval,GE_2021-12-10,63,55.0
mgro3,-9.43018,-59.169161,oval,GE_2021-12-10,92,59.0
mgro4,-9.211542,-58.934671,oval,GE_2021-12-10,66,48.0
mgro5,-9.631256,59.095391,oval,GE_2021-12-10,86,60.0
mgro6,-9.513088,-58.00657,oval,GE_2021-12-10,50,46.0
mgro7,-9.923097,-58.510015,oval,GE_2021-12-11,53,49.0
mgro8,-9.025115,-59.022107,oval,GE_2021-12-11,96,81.0
mgrov,-9.506298,-59.812151,oval,GE_2021-12-10,172,152.0
mgrz1,-9.967201,-60.078698,zanja,GE_2018-03-27,177,136.0
mgrz10,-10.029974,-58.577535,zanja,GE_2021-12-09,61,
mgrz11,-10.654526,-58.427309,zanja,GE_2021-12-09,308,184.0
mgrz12,-9.407078,-57.945261,zanja,GE_2021-12-09,146,117.0
mgrz13,-10.098472,-58.458725,zanja,GE_2021-12-09,150,122.0
mgrz14,-10.311221,-58.644031,zanja,GE_2021-12-09,173,159.0
mgrz15,-9.333389,-58.338874,zanja,GE_2021-12-09,203,177.0
mgrz16,-9.417489,-57.851259,zanja,GE_2021-12-09,251,223.0
mgrz17,-9.790777,-59.342621,zanja,GE_2021-12-09,248,218.0
mgrz18,-9.790055,-59.343839,zanja,GE_2021-12-09,90,75.0
mgrz19,-9.634477,-59.316111,zanja,GE_2021-12-09,322,294.0
mgrz2,-9.486525,-59.800629,zanja,GE_2023.10.06,108,97.0
mgrz20,-9.289705,-59.318708,zanja,GE_2021-12-09,118,94.0
mgrz21,-10.091609,-59.634434,zanja,GE_2021-12-10,273,
mgrz22,-10.166604,-58.142757,zanja,GE_2021-12-10,230,203.0
mgrz23,-9.437101,-58.2821,zanja,GE_2021-12-10,228,
mgrz24,-9.596391,-57.784275,zanja,GE_2021-12-10,217,186.0
mgrz25,-9.024992,-59.02316,zanja,GE_2021-12-10,260,196.0
mgrz26,-9.501525,-59.794302,zanja,GE_2021-12-10,113,109.0
mgrz27,-9.761008,-57.985798,zanja,GE_2021-12-10,162,146.0
mgrz28,-9.919761,-55.241306,zanja,GE_2021-12-10,140,102.0
mgrz29,-9.44175,-58.155481,zanja,GE_2021-12-10,124,
mgrz3,-9.450517,-59.234033,zanja,GE_2021-12-09,114,96.0
mgrz30,-9.658356,-57.651071,zanja,GE_2021-12-10,121,111.0
mgrz31,-9.487011,-58.172108,zanja,GE_2021-12-10,117,113.0
mgrz32,-9.983292,-58.601856,zanja,GE_2021-12-10,105,80.0
mgrz33,-9.50156,-59.798077,zanja,GE_2021-12-11,125,119.0
mgrz34,-9.913947,-60.039984,zanja,GE_2022-05-03,194,126.0
mgrz35,-9.932837,-59.988414,zanja,GE_2022-05-03,140,119.0
mgrz36,-9.564534,-59.757698,zanja,GE_2023.08.10,88,
mgrz37,-9.612566,-60.200103,zanja,GE_2023.10.06,unk,
mgrz38,-9.215103,-58.00894,zanja,GE_2024.01.09,130,101.0
mgrz4,-9.48519,-59.003659,zanja,GE_2021-12-09,83,79.0
mgrz5,-9.047661,-59.099362,zanja,GE_2021-12-09,106,97.0
mgrz6,-9.530102,-59.046143,zanja,GE_2018-03-28,69,
mgrz7,-9.747068,-58.149474,zanja,GE_2018-03-28,191,176.0
mgrz8,-9.748928,-58.150007,zanja,GE_2021-12-11,164,114.0
mgrz9,-9.754026,-57.918348,zanja,GE_2021-12-09,170,
nobrz,-11.688376,-62.327387,zanja,GE_2022-05-03,260,210.0
nomaz,-10.436033,-65.145495,zanja,GE_2022-05-03,308,265.0
nsatz,-9.424524,-57.370324,zanja,GE_2018-03-27,227,190.0
sjobz,-9.865338,-57.676253,zanja,GE_2021-12-11,324,
tapaz,-9.863083,-57.674479,zanja,GE_2021-12-09,380,373.0
tcirc,-9.050622,-59.105406,circle,GE_2021-12-09,50,
zbsuc,-9.631597,-59.457167,zanja,GE_2023.08.10,308,625.0
